id,date,expected_inflows,expected_outflows,business_unit
1,2025-01-01,235935571.32,135054485.98,Retail Banking
2,2025-01-01,104357847.98,184355013.36,Corporate Banking
3,2025-01-01,129870081.64,154075249.18,Markets
4,2025-01-01,297947360.3,299659160.91,Treasury
5,2025-01-01,214672503.12,178217770.86,Operations
6,2025-01-02,195537641.01,221347943.05,Retail Banking
7,2025-01-02,130290096.57,70177935.07,Corporate Banking
8,2025-01-02,126232275.1,104862620.74,Markets
9,2025-01-02,288767819.2,239951398.35,Treasury
10,2025-01-02,180888435.06,72598950.91,Operations
11,2025-01-03,203892269.26,121764866.0,Retail Banking
12,2025-01-03,193059518.13,159052548.56,Corporate Banking
13,2025-01-03,138264257.32,91532202.74,Markets
14,2025-01-03,144076818.9,284260106.62,Treasury
15,2025-01-03,236127582.15,173966087.48,Operations
16,2025-01-04,97583799.53,134324354.7,Retail Banking
17,2025-01-04,203919664.02,194771341.44,Corporate Banking
18,2025-01-04,100097165.79,70004915.02,Markets
19,2025-01-04,301594946.7,177877543.42,Treasury
20,2025-01-04,123261826.38,72063595.17,Operations
21,2025-01-05,171850899.15,206184117.67,Retail Banking
22,2025-01-05,242797379.87,160519192.1,Corporate Banking
23,2025-01-05,167458425.72,83609021.68,Markets
24,2025-01-05,259962564.39,183115313.69,Treasury
25,2025-01-05,183212997.75,132196215.66,Operations
26,2025-01-06,120850850.99,85194444.04,Retail Banking
27,2025-01-06,133536135.58,85463173.49,Corporate Banking
28,2025-01-06,110072481.64,227973785.37,Markets
29,2025-01-06,233246407.01,217139275.7,Treasury
30,2025-01-06,228515149.89,229291024.08,Operations
31,2025-01-07,179061456.39,199995811.37,Retail Banking
32,2025-01-07,135579974.14,118919033.19,Corporate Banking
33,2025-01-07,148459632.57,177601162.03,Markets
34,2025-01-07,293958880.76,168613633.36,Treasury
35,2025-01-07,102645687.1,171183401.03,Operations
36,2025-01-08,101815396.57,162558801.32,Retail Banking
37,2025-01-08,197881761.77,182097839.42,Corporate Banking
38,2025-01-08,208090258.81,209657507.45,Markets
39,2025-01-08,247489542.95,261575818.45,Treasury
40,2025-01-08,185259365.01,99862390.37,Operations
41,2025-01-09,84367239.63,115526621.71,Retail Banking
42,2025-01-09,155315730.08,168736951.11,Corporate Banking
43,2025-01-09,224493086.19,101399314.67,Markets
44,2025-01-09,152015196.42,313819508.23,Treasury
45,2025-01-09,98367575.09,146558571.22,Operations
46,2025-01-10,179545833.89,156619907.35,Retail Banking
47,2025-01-10,94625466.7,79124306.24,Corporate Banking
48,2025-01-10,97932182.67,163694029.42,Markets
49,2025-01-10,258807946.35,150357937.42,Treasury
50,2025-01-10,188421604.11,201210800.33,Operations
51,2025-01-11,87068423.17,149700790.97,Retail Banking
52,2025-01-11,197182770.06,110369908.33,Corporate Banking
53,2025-01-11,132321053.9,168182064.48,Markets
54,2025-01-11,348973499.83,279423070.15,Treasury
55,2025-01-11,179132137.25,186835474.84,Operations
56,2025-01-12,142019819.94,172554484.5,Retail Banking
57,2025-01-12,159250870.49,100389781.83,Corporate Banking
58,2025-01-12,199295506.56,159034341.98,Markets
59,2025-01-12,211448503.4,302139978.58,Treasury
60,2025-01-12,83558800.03,120523704.2,Operations
61,2025-01-13,89669837.62,192644370.6,Retail Banking
62,2025-01-13,199358267.2,123016355.0,Corporate Banking
63,2025-01-13,194862693.38,133349956.19,Markets
64,2025-01-13,312844716.81,199737140.45,Treasury
65,2025-01-13,150087553.73,219556786.48,Operations
66,2025-01-14,122649446.98,89271574.4,Retail Banking
67,2025-01-14,179372329.25,225091489.97,Corporate Banking
68,2025-01-14,144232666.33,79925882.18,Markets
69,2025-01-14,206522843.16,211328690.57,Treasury
70,2025-01-14,107526911.13,175296354.89,Operations
71,2025-01-15,249617396.13,142278316.16,Retail Banking
72,2025-01-15,140303854.64,134112666.69,Corporate Banking
73,2025-01-15,99574850.33,211323776.23,Markets
74,2025-01-15,225780542.16,184749468.16,Treasury
75,2025-01-15,192147346.4,140725347.35,Operations
76,2025-01-16,190199689.7,79831406.42,Retail Banking
77,2025-01-16,218332968.43,220480632.46,Corporate Banking
78,2025-01-16,190290115.65,222730548.62,Markets
79,2025-01-16,158615240.16,204941226.44,Treasury
80,2025-01-16,182307144.77,163077863.59,Operations
81,2025-01-17,148248502.45,124093505.5,Retail Banking
82,2025-01-17,101560083.83,132678792.09,Corporate Banking
83,2025-01-17,107652338.57,187498508.24,Markets
84,2025-01-17,173251888.55,111118628.38,Treasury
85,2025-01-17,173902243.43,165236757.24,Operations
86,2025-01-18,228225220.42,162317057.99,Retail Banking
87,2025-01-18,138731745.13,198481901.04,Corporate Banking
88,2025-01-18,171847411.84,82684845.54,Markets
89,2025-01-18,264291892.88,301396154.17,Treasury
90,2025-01-18,147373146.33,117412128.3,Operations
91,2025-01-19,104389807.69,94231283.51,Retail Banking
92,2025-01-19,153571152.34,165308771.87,Corporate Banking
93,2025-01-19,93704618.88,220330974.24,Markets
94,2025-01-19,312559072.45,229403757.7,Treasury
95,2025-01-19,220834574.06,82829881.09,Operations
96,2025-01-20,161062609.21,170814900.3,Retail Banking
97,2025-01-20,220870994.04,195355129.61,Corporate Banking
98,2025-01-20,127101772.45,220540827.13,Markets
99,2025-01-20,151708189.56,294029930.57,Treasury
100,2025-01-20,245059842.43,98344563.72,Operations
101,2025-01-21,202751230.91,76445683.0,Retail Banking
102,2025-01-21,148921880.27,152605327.87,Corporate Banking
103,2025-01-21,178709688.4,219749959.72,Markets
104,2025-01-21,291423925.26,205806261.07,Treasury
105,2025-01-21,217644756.17,222085251.35,Operations
106,2025-01-22,83751245.28,227203403.56,Retail Banking
107,2025-01-22,94642463.64,200301884.68,Corporate Banking
108,2025-01-22,127656907.93,91148745.24,Markets
109,2025-01-22,232163188.13,242246273.8,Treasury
110,2025-01-22,144761813.65,78730465.33,Operations
111,2025-01-23,181908393.74,214384524.18,Retail Banking
112,2025-01-23,145146612.21,104613244.42,Corporate Banking
113,2025-01-23,155238148.81,77738033.77,Markets
114,2025-01-23,329224334.04,283100341.65,Treasury
115,2025-01-23,179960078.78,126496462.23,Operations
116,2025-01-24,215963171.96,158749923.97,Retail Banking
117,2025-01-24,220408492.45,171033406.81,Corporate Banking
118,2025-01-24,213348930.45,165770078.91,Markets
119,2025-01-24,225605972.39,312579872.62,Treasury
120,2025-01-24,171989350.23,166814322.97,Operations
121,2025-01-25,117482898.7,170104126.31,Retail Banking
122,2025-01-25,177173300.41,99574143.67,Corporate Banking
123,2025-01-25,90129806.55,166697491.15,Markets
124,2025-01-25,314741528.68,215241907.09,Treasury
125,2025-01-25,118551346.3,176643516.27,Operations
126,2025-01-26,93617973.52,140693392.77,Retail Banking
127,2025-01-26,107772348.93,99513448.17,Corporate Banking
128,2025-01-26,114389971.36,131873129.13,Markets
129,2025-01-26,133043302.43,187105730.77,Treasury
130,2025-01-26,166990266.01,147327085.59,Operations
131,2025-01-27,145073297.07,204263457.29,Retail Banking
132,2025-01-27,104705537.71,150911479.01,Corporate Banking
133,2025-01-27,90547040.88,81384908.62,Markets
134,2025-01-27,266335791.67,224788127.17,Treasury
135,2025-01-27,229265697.18,159259788.11,Operations
136,2025-01-28,243164473.47,77791175.74,Retail Banking
137,2025-01-28,96661306.41,77050537.85,Corporate Banking
138,2025-01-28,111497064.56,156603217.75,Markets
139,2025-01-28,284620906.26,108211075.38,Treasury
140,2025-01-28,240815051.27,204746460.26,Operations
141,2025-01-29,130424121.97,82350004.84,Retail Banking
142,2025-01-29,108880802.45,90311106.2,Corporate Banking
143,2025-01-29,100958242.48,152969870.19,Markets
144,2025-01-29,182691097.84,178223296.5,Treasury
145,2025-01-29,248215906.68,179490279.83,Operations
146,2025-01-30,241326713.4,92809048.81,Retail Banking
147,2025-01-30,144963710.72,158757088.53,Corporate Banking
148,2025-01-30,93048870.52,70669990.98,Markets
149,2025-01-30,290960755.12,241767571.76,Treasury
150,2025-01-30,149834097.7,148343052.17,Operations
151,2025-01-31,150625310.1,73840807.18,Retail Banking
152,2025-01-31,137013173.06,98333160.86,Corporate Banking
153,2025-01-31,96732112.15,223075269.42,Markets
154,2025-01-31,272836729.89,261219007.67,Treasury
155,2025-01-31,133611836.36,132903540.72,Operations
156,2025-02-01,120277078.96,85514507.35,Retail Banking
157,2025-02-01,110435378.37,197602247.25,Corporate Banking
158,2025-02-01,195182786.88,157508620.16,Markets
159,2025-02-01,241147917.58,304625279.54,Treasury
160,2025-02-01,92364941.12,114896130.12,Operations
161,2025-02-02,139489435.11,195188129.95,Retail Banking
162,2025-02-02,248727485.43,108507282.36,Corporate Banking
163,2025-02-02,228632246.8,202899641.67,Markets
164,2025-02-02,177287636.4,187450497.96,Treasury
165,2025-02-02,149644387.78,226515306.96,Operations
166,2025-02-03,110751623.23,197865275.38,Retail Banking
167,2025-02-03,136812761.41,186939255.32,Corporate Banking
168,2025-02-03,151401870.73,162537562.1,Markets
169,2025-02-03,332316002.2,278133086.56,Treasury
170,2025-02-03,227291941.2,79538772.06,Operations
171,2025-02-04,197648594.02,92397980.28,Retail Banking
172,2025-02-04,150689156.56,157774146.41,Corporate Banking
173,2025-02-04,148465712.41,153137868.13,Markets
174,2025-02-04,374114208.74,128288678.27,Treasury
175,2025-02-04,194827527.71,133360154.62,Operations
176,2025-02-05,102611665.81,95397882.14,Retail Banking
177,2025-02-05,241376428.06,210736239.47,Corporate Banking
178,2025-02-05,234197133.27,228645244.13,Markets
179,2025-02-05,173120424.45,177618411.57,Treasury
180,2025-02-05,193767235.09,147408406.38,Operations
181,2025-02-06,151126220.67,127249799.89,Retail Banking
182,2025-02-06,180942707.43,162094948.58,Corporate Banking
183,2025-02-06,107447831.79,145478374.0,Markets
184,2025-02-06,261135302.93,225744274.28,Treasury
185,2025-02-06,115718222.8,188763422.76,Operations
186,2025-02-07,84283846.12,126773096.89,Retail Banking
187,2025-02-07,212636150.25,160222867.37,Corporate Banking
188,2025-02-07,124397613.53,181192499.09,Markets
189,2025-02-07,264684690.76,276358568.52,Treasury
190,2025-02-07,204954281.65,167617267.53,Operations
191,2025-02-08,162990204.8,91309140.11,Retail Banking
192,2025-02-08,124426613.04,137055915.67,Corporate Banking
193,2025-02-08,181880878.79,152193256.83,Markets
194,2025-02-08,193487054.12,99448016.14,Treasury
195,2025-02-08,164360667.72,115700158.17,Operations
196,2025-02-09,204883411.12,73831402.44,Retail Banking
197,2025-02-09,179420727.92,220635878.0,Corporate Banking
198,2025-02-09,109649575.41,145463918.52,Markets
199,2025-02-09,143312607.91,238152748.35,Treasury
200,2025-02-09,173590385.7,135178483.87,Operations
201,2025-02-10,168634093.65,213451945.36,Retail Banking
202,2025-02-10,113370031.39,73610321.87,Corporate Banking
203,2025-02-10,226483030.4,162338733.18,Markets
204,2025-02-10,347117906.14,231715730.04,Treasury
205,2025-02-10,217727385.29,138747738.14,Operations
206,2025-02-11,207476188.32,216086634.7,Retail Banking
207,2025-02-11,177260903.83,98925624.09,Corporate Banking
208,2025-02-11,125695594.56,101783132.3,Markets
209,2025-02-11,182948542.04,166637060.65,Treasury
210,2025-02-11,174372743.75,164078660.71,Operations
211,2025-02-12,152504957.03,168467324.77,Retail Banking
212,2025-02-12,93867737.35,84046117.93,Corporate Banking
213,2025-02-12,109211008.26,152892399.69,Markets
214,2025-02-12,174568643.07,161455706.38,Treasury
215,2025-02-12,148053182.15,199898579.84,Operations
216,2025-02-13,82356563.11,173900611.24,Retail Banking
217,2025-02-13,193709010.28,197784924.86,Corporate Banking
218,2025-02-13,238567999.64,73222055.83,Markets
219,2025-02-13,159214844.91,296502369.87,Treasury
220,2025-02-13,157948155.57,160334502.23,Operations
221,2025-02-14,192714624.63,178650656.72,Retail Banking
222,2025-02-14,238395868.56,229511906.79,Corporate Banking
223,2025-02-14,202426768.36,115955393.47,Markets
224,2025-02-14,344336862.59,109025484.86,Treasury
225,2025-02-14,119283744.99,213581714.79,Operations
226,2025-02-15,123552557.45,105304169.54,Retail Banking
227,2025-02-15,103481299.83,207457881.22,Corporate Banking
228,2025-02-15,165009904.06,177982912.49,Markets
229,2025-02-15,180961927.94,267801054.31,Treasury
230,2025-02-15,209200942.64,120015683.99,Operations
231,2025-02-16,149816047.61,103550444.39,Retail Banking
232,2025-02-16,246015373.96,173296412.33,Corporate Banking
233,2025-02-16,238872459.72,118541686.98,Markets
234,2025-02-16,319382182.81,269552336.23,Treasury
235,2025-02-16,197581460.82,224502236.04,Operations
236,2025-02-17,146904407.14,90914771.77,Retail Banking
237,2025-02-17,194190506.07,186689568.08,Corporate Banking
238,2025-02-17,177760297.49,103090862.9,Markets
239,2025-02-17,248636265.13,167930500.99,Treasury
240,2025-02-17,152669309.79,173234972.14,Operations
241,2025-02-18,206686506.26,107155950.54,Retail Banking
242,2025-02-18,148905311.31,113065851.36,Corporate Banking
243,2025-02-18,113767374.36,195341955.2,Markets
244,2025-02-18,351859437.08,180932009.59,Treasury
245,2025-02-18,207717417.14,213519246.3,Operations
246,2025-02-19,223841115.79,99250142.17,Retail Banking
247,2025-02-19,242569619.86,130268230.47,Corporate Banking
248,2025-02-19,137670912.4,79989012.36,Markets
249,2025-02-19,243974281.8,122419049.9,Treasury
250,2025-02-19,122251769.56,120710819.48,Operations
251,2025-02-20,217500474.99,210078184.06,Retail Banking
252,2025-02-20,131419273.97,207391699.4,Corporate Banking
253,2025-02-20,225729259.35,192344152.06,Markets
254,2025-02-20,157407254.07,252632317.71,Treasury
255,2025-02-20,240654090.98,179206476.6,Operations
256,2025-02-21,136374864.35,150092690.79,Retail Banking
257,2025-02-21,189773257.37,151691265.4,Corporate Banking
258,2025-02-21,100392000.09,119930247.14,Markets
259,2025-02-21,324610987.79,290957642.33,Treasury
260,2025-02-21,103341005.56,222381880.38,Operations
261,2025-02-22,135899845.03,175970198.2,Retail Banking
262,2025-02-22,207810274.81,199911397.54,Corporate Banking
263,2025-02-22,240777449.38,120067127.68,Markets
264,2025-02-22,338919145.91,127497866.37,Treasury
265,2025-02-22,199856954.08,188716436.72,Operations
266,2025-02-23,195212951.0,110370357.78,Retail Banking
267,2025-02-23,228417334.99,97017354.14,Corporate Banking
268,2025-02-23,89117914.56,184794398.5,Markets
269,2025-02-23,241246307.38,288197956.47,Treasury
270,2025-02-23,145177513.98,96924574.16,Operations
271,2025-02-24,222195172.72,157825541.06,Retail Banking
272,2025-02-24,112163284.71,185261439.77,Corporate Banking
273,2025-02-24,166889318.54,166690077.16,Markets
274,2025-02-24,237529076.24,283630812.38,Treasury
275,2025-02-24,221025661.67,183502211.49,Operations
276,2025-02-25,97918234.16,204216617.9,Retail Banking
277,2025-02-25,194072206.69,181523866.56,Corporate Banking
278,2025-02-25,141707082.87,210684728.99,Markets
279,2025-02-25,304969758.06,123220264.5,Treasury
280,2025-02-25,149322265.85,211820857.91,Operations
281,2025-02-26,88023439.29,223826659.14,Retail Banking
282,2025-02-26,195457636.61,171020156.42,Corporate Banking
283,2025-02-26,125995073.6,109806686.2,Markets
284,2025-02-26,360224845.97,164813029.75,Treasury
285,2025-02-26,211835900.44,132899487.71,Operations
286,2025-02-27,103673192.03,71714447.63,Retail Banking
287,2025-02-27,172523747.29,226124610.97,Corporate Banking
288,2025-02-27,142753152.95,127150773.44,Markets
289,2025-02-27,207743362.55,214601819.56,Treasury
290,2025-02-27,154913030.18,210786340.28,Operations
291,2025-02-28,165938534.59,151241254.11,Retail Banking
292,2025-02-28,103523171.1,227238326.55,Corporate Banking
293,2025-02-28,122495391.45,81738250.79,Markets
294,2025-02-28,289102293.49,231362066.92,Treasury
295,2025-02-28,150574761.18,137550757.42,Operations
296,2025-03-01,213460866.58,101314022.42,Retail Banking
297,2025-03-01,219443064.22,173799538.22,Corporate Banking
298,2025-03-01,151224861.54,143284578.65,Markets
299,2025-03-01,185445037.83,266473610.52,Treasury
300,2025-03-01,167188706.19,121336726.84,Operations
301,2025-03-02,181328519.68,229317512.33,Retail Banking
302,2025-03-02,153994587.54,217310624.12,Corporate Banking
303,2025-03-02,138652862.79,78757233.11,Markets
304,2025-03-02,172081737.12,191787712.11,Treasury
305,2025-03-02,117337937.86,70036326.11,Operations
306,2025-03-03,235550261.42,205020705.8,Retail Banking
307,2025-03-03,206189679.35,96850335.3,Corporate Banking
308,2025-03-03,100461807.96,80816759.92,Markets
309,2025-03-03,304627443.14,306052983.19,Treasury
310,2025-03-03,153191089.56,89062507.52,Operations
311,2025-03-04,167106779.52,125813105.19,Retail Banking
312,2025-03-04,143720237.14,169412899.86,Corporate Banking
313,2025-03-04,202182079.25,87696575.82,Markets
314,2025-03-04,129075508.86,320729987.8,Treasury
315,2025-03-04,119563819.32,78612883.99,Operations
316,2025-03-05,112278805.95,76233255.42,Retail Banking
317,2025-03-05,146607852.08,198384285.51,Corporate Banking
318,2025-03-05,138011556.46,141069345.1,Markets
319,2025-03-05,292274627.26,211992271.7,Treasury
320,2025-03-05,226445766.62,208565708.01,Operations
321,2025-03-06,81684818.23,194487409.04,Retail Banking
322,2025-03-06,158324712.04,228214486.61,Corporate Banking
323,2025-03-06,162149452.9,227903351.26,Markets
324,2025-03-06,312415187.11,153687494.15,Treasury
325,2025-03-06,171527146.48,228741702.32,Operations
326,2025-03-07,225780203.32,85578703.01,Retail Banking
327,2025-03-07,200083239.46,125292733.74,Corporate Banking
328,2025-03-07,81186984.52,134556955.04,Markets
329,2025-03-07,179862377.54,281426716.6,Treasury
330,2025-03-07,137346203.5,202403791.03,Operations
331,2025-03-08,80101649.6,119251064.0,Retail Banking
332,2025-03-08,120998086.43,107370777.77,Corporate Banking
333,2025-03-08,91591725.36,99939883.27,Markets
334,2025-03-08,261665140.32,163264880.32,Treasury
335,2025-03-08,150957113.0,130298700.86,Operations
336,2025-03-09,228903837.25,214847839.84,Retail Banking
337,2025-03-09,163802685.18,122824952.05,Corporate Banking
338,2025-03-09,98156119.68,222544460.7,Markets
339,2025-03-09,135357870.95,164673662.18,Treasury
340,2025-03-09,130671254.2,121264205.78,Operations
341,2025-03-10,107928763.36,195305828.95,Retail Banking
342,2025-03-10,100824636.53,171585065.46,Corporate Banking
343,2025-03-10,101053824.54,81285702.01,Markets
344,2025-03-10,351904523.44,140588843.66,Treasury
345,2025-03-10,219612526.28,157140939.38,Operations
346,2025-03-11,93235608.33,222871710.63,Retail Banking
347,2025-03-11,121983398.39,207543255.26,Corporate Banking
348,2025-03-11,108697700.98,206630861.14,Markets
349,2025-03-11,123373347.29,212638822.27,Treasury
350,2025-03-11,210805238.5,219567282.8,Operations
351,2025-03-12,234564363.16,201139979.13,Retail Banking
352,2025-03-12,230992529.44,101875149.73,Corporate Banking
353,2025-03-12,128311330.27,116234963.99,Markets
354,2025-03-12,216148752.41,186103830.17,Treasury
355,2025-03-12,172574405.19,95580762.14,Operations
356,2025-03-13,197511932.84,96810646.29,Retail Banking
357,2025-03-13,132752441.96,150535220.9,Corporate Banking
358,2025-03-13,215394895.46,188315077.32,Markets
359,2025-03-13,284611260.88,132893210.37,Treasury
360,2025-03-13,172997708.75,83991440.29,Operations
361,2025-03-14,144151740.06,136162644.85,Retail Banking
362,2025-03-14,86767944.71,113838095.92,Corporate Banking
363,2025-03-14,242460409.44,222581217.25,Markets
364,2025-03-14,209843398.83,107654424.4,Treasury
365,2025-03-14,110446139.69,132754846.95,Operations
366,2025-03-15,241122548.65,92591850.17,Retail Banking
367,2025-03-15,209797693.42,87389206.3,Corporate Banking
368,2025-03-15,246813788.16,131058639.86,Markets
369,2025-03-15,317684807.42,174740402.55,Treasury
370,2025-03-15,186703709.12,100722573.56,Operations
371,2025-03-16,104823573.28,220090262.33,Retail Banking
372,2025-03-16,236000037.24,211995030.43,Corporate Banking
373,2025-03-16,186323686.53,199322913.79,Markets
374,2025-03-16,137604418.91,172992745.38,Treasury
375,2025-03-16,133329531.21,171703251.51,Operations
376,2025-03-17,140512821.49,93761085.06,Retail Banking
377,2025-03-17,181399402.82,200301427.31,Corporate Banking
378,2025-03-17,144960994.06,91162994.42,Markets
379,2025-03-17,170155490.31,151196260.36,Treasury
380,2025-03-17,130982590.81,172847211.28,Operations
381,2025-03-18,182160732.37,181372777.85,Retail Banking
382,2025-03-18,141625337.37,201839624.3,Corporate Banking
383,2025-03-18,114694902.4,145046519.6,Markets
384,2025-03-18,324239373.99,138355537.09,Treasury
385,2025-03-18,98676729.34,211389434.83,Operations
386,2025-03-19,138298042.67,179419219.99,Retail Banking
387,2025-03-19,84309262.72,180407502.15,Corporate Banking
388,2025-03-19,133737222.96,78918536.57,Markets
389,2025-03-19,275502254.19,151940054.8,Treasury
390,2025-03-19,145757231.15,82892929.97,Operations
391,2025-03-20,105017752.69,117676357.68,Retail Banking
392,2025-03-20,95259115.1,215732202.35,Corporate Banking
393,2025-03-20,81027997.34,147417635.02,Markets
394,2025-03-20,151428101.82,166920116.04,Treasury
395,2025-03-20,237430125.17,95871128.52,Operations
396,2025-03-21,244191494.35,102927100.32,Retail Banking
397,2025-03-21,206066238.44,157468362.38,Corporate Banking
398,2025-03-21,230361383.69,158638920.88,Markets
399,2025-03-21,256312600.88,141782592.08,Treasury
400,2025-03-21,108258991.55,216638264.18,Operations
401,2025-03-22,135732493.8,129533160.79,Retail Banking
402,2025-03-22,209170021.93,124211757.19,Corporate Banking
403,2025-03-22,241850615.93,188068443.04,Markets
404,2025-03-22,272344456.86,295320515.96,Treasury
405,2025-03-22,88433004.42,111130030.75,Operations
406,2025-03-23,159056176.82,106316566.32,Retail Banking
407,2025-03-23,206463881.84,217073284.97,Corporate Banking
408,2025-03-23,152040920.39,124741216.02,Markets
409,2025-03-23,365195436.7,197646944.95,Treasury
410,2025-03-23,163138228.08,126263979.57,Operations
411,2025-03-24,234623240.41,161032877.33,Retail Banking
412,2025-03-24,209569679.82,199889074.94,Corporate Banking
413,2025-03-24,138114337.13,139391093.01,Markets
414,2025-03-24,336360302.47,179369198.78,Treasury
415,2025-03-24,214968972.69,220558771.61,Operations
416,2025-03-25,185945763.42,188660365.99,Retail Banking
417,2025-03-25,216866543.05,205206343.82,Corporate Banking
418,2025-03-25,147159067.44,78202153.47,Markets
419,2025-03-25,222478449.17,248921395.47,Treasury
420,2025-03-25,156559565.58,189834104.14,Operations
421,2025-03-26,140687013.01,171559062.58,Retail Banking
422,2025-03-26,111691366.83,189899109.86,Corporate Banking
423,2025-03-26,172768314.7,102650302.17,Markets
424,2025-03-26,194437349.24,265688350.72,Treasury
425,2025-03-26,162042210.06,104565030.46,Operations
426,2025-03-27,244436102.36,184420003.17,Retail Banking
427,2025-03-27,242712921.53,138336807.26,Corporate Banking
428,2025-03-27,160767057.92,213672834.59,Markets
429,2025-03-27,253887581.76,256430476.27,Treasury
430,2025-03-27,122869389.17,141476234.99,Operations
431,2025-03-28,100986477.19,102956805.74,Retail Banking
432,2025-03-28,80160380.6,76282408.26,Corporate Banking
433,2025-03-28,246138249.94,108776591.22,Markets
434,2025-03-28,289144230.92,285958332.53,Treasury
435,2025-03-28,173612278.07,94503120.01,Operations
436,2025-03-29,203779794.35,166040225.62,Retail Banking
437,2025-03-29,204312600.19,193159459.66,Corporate Banking
438,2025-03-29,245819762.51,161770124.8,Markets
439,2025-03-29,207118483.74,243256060.75,Treasury
440,2025-03-29,91634920.57,213583570.93,Operations
441,2025-03-30,100294771.93,122454854.06,Retail Banking
442,2025-03-30,218676714.71,165569980.53,Corporate Banking
443,2025-03-30,146918038.45,145749705.5,Markets
444,2025-03-30,337909585.27,174160982.48,Treasury
445,2025-03-30,227840446.42,84101508.96,Operations
446,2025-03-31,212055734.33,205607621.29,Retail Banking
447,2025-03-31,110909000.98,138855445.18,Corporate Banking
448,2025-03-31,108134961.69,183056660.64,Markets
449,2025-03-31,256513680.86,240312429.66,Treasury
450,2025-03-31,113402784.38,103879337.93,Operations
451,2025-04-01,87054545.34,121530805.63,Retail Banking
452,2025-04-01,175156592.43,207269586.24,Corporate Banking
453,2025-04-01,193377666.07,139663411.74,Markets
454,2025-04-01,363045629.17,259110924.93,Treasury
455,2025-04-01,238128084.49,154414075.72,Operations
456,2025-04-02,124013726.71,78452269.82,Retail Banking
457,2025-04-02,203434424.75,89408479.68,Corporate Banking
458,2025-04-02,131471771.81,155195345.26,Markets
459,2025-04-02,263926229.88,232530636.13,Treasury
460,2025-04-02,108263406.16,130757984.77,Operations
461,2025-04-03,184923018.61,225171018.34,Retail Banking
462,2025-04-03,203697293.41,217616601.14,Corporate Banking
463,2025-04-03,209576049.91,164674715.02,Markets
464,2025-04-03,168965959.13,247337586.02,Treasury
465,2025-04-03,185974526.21,166395067.27,Operations
466,2025-04-04,163263597.56,154585056.64,Retail Banking
467,2025-04-04,136855229.61,153090030.82,Corporate Banking
468,2025-04-04,113584503.97,198827903.58,Markets
469,2025-04-04,167373123.45,117032448.94,Treasury
470,2025-04-04,154161824.48,175329190.32,Operations
471,2025-04-05,154411860.24,114280661.11,Retail Banking
472,2025-04-05,174889101.26,125520373.67,Corporate Banking
473,2025-04-05,238587507.32,217623222.34,Markets
474,2025-04-05,248104814.09,171446014.66,Treasury
475,2025-04-05,205312510.37,75874070.96,Operations
476,2025-04-06,160710731.03,123811743.08,Retail Banking
477,2025-04-06,236491100.47,71920484.36,Corporate Banking
478,2025-04-06,173978528.87,188506172.97,Markets
479,2025-04-06,243679586.82,117130278.76,Treasury
480,2025-04-06,245318436.3,152881669.02,Operations
481,2025-04-07,184411661.53,107857565.23,Retail Banking
482,2025-04-07,162194674.47,138663918.71,Corporate Banking
483,2025-04-07,92732293.14,86985656.57,Markets
484,2025-04-07,333555492.5,151719669.29,Treasury
485,2025-04-07,113142906.15,150785832.2,Operations
486,2025-04-08,210687012.33,79911442.97,Retail Banking
487,2025-04-08,178057346.34,89073670.85,Corporate Banking
488,2025-04-08,86198378.64,78439032.35,Markets
489,2025-04-08,332711847.59,124425836.33,Treasury
490,2025-04-08,87675731.95,140063981.94,Operations
491,2025-04-09,223478890.23,111985340.24,Retail Banking
492,2025-04-09,151691144.98,76387605.21,Corporate Banking
493,2025-04-09,156343347.4,162418092.9,Markets
494,2025-04-09,265581298.71,172463579.05,Treasury
495,2025-04-09,133640640.71,87059779.03,Operations
496,2025-04-10,142355714.51,85919147.02,Retail Banking
497,2025-04-10,210321310.6,224603887.64,Corporate Banking
498,2025-04-10,244912657.63,208411375.9,Markets
499,2025-04-10,273201998.08,254993916.18,Treasury
500,2025-04-10,128484986.46,170923267.23,Operations
501,2025-04-11,157460423.4,147122774.36,Retail Banking
502,2025-04-11,208822015.26,115106936.9,Corporate Banking
503,2025-04-11,134066733.99,217942686.58,Markets
504,2025-04-11,134337195.19,206782082.84,Treasury
505,2025-04-11,235176136.07,167658081.25,Operations
506,2025-04-12,172889202.62,109959068.68,Retail Banking
507,2025-04-12,138356833.14,206327746.53,Corporate Banking
508,2025-04-12,175067082.4,152358751.0,Markets
509,2025-04-12,145392826.95,101590307.05,Treasury
510,2025-04-12,243826482.08,130317786.77,Operations
511,2025-04-13,182546220.56,82754411.71,Retail Banking
512,2025-04-13,196129428.57,219210673.39,Corporate Banking
513,2025-04-13,177863093.01,90178451.58,Markets
514,2025-04-13,268338989.51,269661775.74,Treasury
515,2025-04-13,149090811.22,210774039.67,Operations
516,2025-04-14,190276102.07,213879826.93,Retail Banking
517,2025-04-14,185995902.91,91006075.52,Corporate Banking
518,2025-04-14,132647590.89,102287191.72,Markets
519,2025-04-14,351750756.92,268329615.07,Treasury
520,2025-04-14,194987722.71,118154611.14,Operations
521,2025-04-15,111287611.25,191032174.08,Retail Banking
522,2025-04-15,160606850.8,106126328.34,Corporate Banking
523,2025-04-15,184825736.29,76453416.34,Markets
524,2025-04-15,203173414.8,202956766.79,Treasury
525,2025-04-15,105152916.8,227544716.41,Operations
526,2025-04-16,115546551.98,90856500.81,Retail Banking
527,2025-04-16,114600928.56,193049781.31,Corporate Banking
528,2025-04-16,152335962.08,160466550.36,Markets
529,2025-04-16,125357335.03,105712613.12,Treasury
530,2025-04-16,155790343.47,200664838.91,Operations
531,2025-04-17,230490609.38,83873050.82,Retail Banking
532,2025-04-17,171521727.36,216116749.8,Corporate Banking
533,2025-04-17,145955368.25,202730533.03,Markets
534,2025-04-17,154092391.87,307528365.69,Treasury
535,2025-04-17,207741963.98,220613502.85,Operations
536,2025-04-18,195024929.7,128144629.12,Retail Banking
537,2025-04-18,239490799.33,114090684.21,Corporate Banking
538,2025-04-18,136469328.75,182129346.88,Markets
539,2025-04-18,315155656.38,306186380.38,Treasury
540,2025-04-18,114816409.54,197679685.64,Operations
541,2025-04-19,205552829.08,80207129.0,Retail Banking
542,2025-04-19,145827934.01,115242473.13,Corporate Banking
543,2025-04-19,131763372.14,227271500.73,Markets
544,2025-04-19,283908240.44,258759459.35,Treasury
545,2025-04-19,246024998.34,130352285.19,Operations
546,2025-04-20,216312828.64,139524954.13,Retail Banking
547,2025-04-20,227820724.21,98905206.61,Corporate Banking
548,2025-04-20,241106650.1,105003473.35,Markets
549,2025-04-20,203186229.28,267387060.44,Treasury
550,2025-04-20,146938374.07,167313820.28,Operations
551,2025-04-21,155577495.18,188779189.93,Retail Banking
552,2025-04-21,118816312.9,79353277.96,Corporate Banking
553,2025-04-21,130987997.57,145889386.38,Markets
554,2025-04-21,162845113.31,177474592.88,Treasury
555,2025-04-21,147997113.11,79182694.99,Operations
556,2025-04-22,179162232.19,211494948.48,Retail Banking
557,2025-04-22,105796295.2,165649282.14,Corporate Banking
558,2025-04-22,193005664.83,137093548.87,Markets
559,2025-04-22,298779884.78,190003865.74,Treasury
560,2025-04-22,165788338.96,71176487.13,Operations
561,2025-04-23,197592419.4,175814828.63,Retail Banking
562,2025-04-23,86528149.15,128920017.18,Corporate Banking
563,2025-04-23,246435412.93,137317850.01,Markets
564,2025-04-23,247996078.31,301824355.43,Treasury
565,2025-04-23,201934518.9,163131220.98,Operations
566,2025-04-24,215626795.83,208298602.63,Retail Banking
567,2025-04-24,157670972.2,146017338.39,Corporate Banking
568,2025-04-24,145628659.06,224672982.4,Markets
569,2025-04-24,297777394.84,116641966.83,Treasury
570,2025-04-24,226703135.96,146889590.53,Operations
571,2025-04-25,91688164.09,157954760.83,Retail Banking
572,2025-04-25,150917927.43,210439904.78,Corporate Banking
573,2025-04-25,114679082.61,202234337.52,Markets
574,2025-04-25,262210616.25,110232707.92,Treasury
575,2025-04-25,245213701.23,152018439.06,Operations
576,2025-04-26,129449065.22,145105094.72,Retail Banking
577,2025-04-26,225835823.2,118784499.9,Corporate Banking
578,2025-04-26,112754987.4,90651399.51,Markets
579,2025-04-26,195954146.59,272730771.5,Treasury
580,2025-04-26,160176482.08,106397056.59,Operations
581,2025-04-27,108251449.93,123236716.24,Retail Banking
582,2025-04-27,239787143.39,124884274.01,Corporate Banking
583,2025-04-27,247981092.91,147636872.92,Markets
584,2025-04-27,165686799.16,297615380.56,Treasury
585,2025-04-27,158260413.43,183547414.96,Operations
586,2025-04-28,247230969.15,78028056.05,Retail Banking
587,2025-04-28,96438075.16,185273078.63,Corporate Banking
588,2025-04-28,127910250.56,99488223.51,Markets
589,2025-04-28,130037279.35,102893663.48,Treasury
590,2025-04-28,211662552.53,91509348.38,Operations
591,2025-04-29,159512504.72,166943490.43,Retail Banking
592,2025-04-29,152819806.1,74337064.37,Corporate Banking
593,2025-04-29,213195255.44,71682115.93,Markets
594,2025-04-29,314281923.07,298100206.61,Treasury
595,2025-04-29,153582786.58,155686795.7,Operations
596,2025-04-30,161087176.75,132273378.98,Retail Banking
597,2025-04-30,230862171.01,213029361.71,Corporate Banking
598,2025-04-30,137088781.99,168411160.64,Markets
599,2025-04-30,356361428.35,313501103.76,Treasury
600,2025-04-30,166523036.87,142451968.85,Operations
601,2025-05-01,127378033.71,223419499.71,Retail Banking
602,2025-05-01,104278431.76,162772732.17,Corporate Banking
603,2025-05-01,128033545.48,114641326.46,Markets
604,2025-05-01,223266989.78,321729617.62,Treasury
605,2025-05-01,89344272.16,162566690.91,Operations
606,2025-05-02,94037266.87,94723332.8,Retail Banking
607,2025-05-02,154725700.1,151673621.02,Corporate Banking
608,2025-05-02,123994709.42,120633140.94,Markets
609,2025-05-02,142176590.17,165921231.58,Treasury
610,2025-05-02,244314934.69,221153181.07,Operations
611,2025-05-03,136929309.32,161336629.8,Retail Banking
612,2025-05-03,234631216.49,70989411.62,Corporate Banking
613,2025-05-03,217816206.96,221739128.45,Markets
614,2025-05-03,143288062.26,134164281.67,Treasury
615,2025-05-03,243326871.47,156006422.98,Operations
616,2025-05-04,82413427.86,111221119.8,Retail Banking
617,2025-05-04,156490424.63,180865425.76,Corporate Banking
618,2025-05-04,204637264.28,229267442.07,Markets
619,2025-05-04,193315355.84,218561302.82,Treasury
620,2025-05-04,170665003.14,134903241.51,Operations
621,2025-05-05,108757521.95,226393050.11,Retail Banking
622,2025-05-05,225063921.73,149733284.53,Corporate Banking
623,2025-05-05,182551721.86,106361768.57,Markets
624,2025-05-05,258665702.95,253673309.82,Treasury
625,2025-05-05,167578394.83,228445627.29,Operations
626,2025-05-06,183928081.56,129355794.01,Retail Banking
627,2025-05-06,211265844.69,97274001.85,Corporate Banking
628,2025-05-06,145367688.33,125513432.06,Markets
629,2025-05-06,230110809.25,273118681.01,Treasury
630,2025-05-06,162309415.47,197042312.04,Operations
631,2025-05-07,178003113.53,124731109.55,Retail Banking
632,2025-05-07,217696386.43,108126347.29,Corporate Banking
633,2025-05-07,118145106.57,150720467.85,Markets
634,2025-05-07,186516557.72,100035495.83,Treasury
635,2025-05-07,190210579.64,151775011.44,Operations
636,2025-05-08,155738028.46,224714962.34,Retail Banking
637,2025-05-08,177103861.27,208149052.45,Corporate Banking
638,2025-05-08,103706540.15,161073034.1,Markets
639,2025-05-08,341334804.82,228615689.63,Treasury
640,2025-05-08,202062410.28,129526970.85,Operations
641,2025-05-09,95716417.9,143264047.22,Retail Banking
642,2025-05-09,147061496.44,208729629.18,Corporate Banking
643,2025-05-09,121479201.4,224677476.41,Markets
644,2025-05-09,364325220.55,153469488.05,Treasury
645,2025-05-09,139168832.43,213288918.54,Operations
646,2025-05-10,244325777.55,140950256.45,Retail Banking
647,2025-05-10,134569497.76,154175042.12,Corporate Banking
648,2025-05-10,196920765.08,113755922.46,Markets
649,2025-05-10,307800659.53,109571247.99,Treasury
650,2025-05-10,88380063.77,131806032.82,Operations
651,2025-05-11,140090442.65,120501314.46,Retail Banking
652,2025-05-11,163473359.65,121317373.17,Corporate Banking
653,2025-05-11,112683846.14,119515127.85,Markets
654,2025-05-11,368600589.57,190089405.41,Treasury
655,2025-05-11,155601172.07,162247198.39,Operations
656,2025-05-12,247167930.63,108656204.23,Retail Banking
657,2025-05-12,195817958.79,184557550.97,Corporate Banking
658,2025-05-12,183245150.85,84172534.34,Markets
659,2025-05-12,292602430.34,112357215.27,Treasury
660,2025-05-12,181344250.42,188332988.36,Operations
661,2025-05-13,115864881.41,204659521.21,Retail Banking
662,2025-05-13,85160146.94,205010058.19,Corporate Banking
663,2025-05-13,158255938.61,104814070.39,Markets
664,2025-05-13,154113426.97,311540805.54,Treasury
665,2025-05-13,92353149.89,101854947.19,Operations
666,2025-05-14,139129799.06,169237575.83,Retail Banking
667,2025-05-14,172616184.5,90102958.79,Corporate Banking
668,2025-05-14,129253757.24,108200283.37,Markets
669,2025-05-14,174453427.9,190096331.37,Treasury
670,2025-05-14,199685346.94,104792469.15,Operations
671,2025-05-15,142335409.55,132546788.29,Retail Banking
672,2025-05-15,245997610.0,222746617.1,Corporate Banking
673,2025-05-15,216023389.07,108665427.33,Markets
674,2025-05-15,137349515.09,168986526.85,Treasury
675,2025-05-15,125355073.4,150948128.02,Operations
676,2025-05-16,212213744.71,207331670.22,Retail Banking
677,2025-05-16,223626894.52,127548089.8,Corporate Banking
678,2025-05-16,196829838.39,120053471.6,Markets
679,2025-05-16,135530913.52,255150619.5,Treasury
680,2025-05-16,81670683.94,135469213.99,Operations
681,2025-05-17,135994475.78,180940406.16,Retail Banking
682,2025-05-17,210261730.37,118655141.76,Corporate Banking
683,2025-05-17,217976592.46,117026681.68,Markets
684,2025-05-17,233813221.8,260852150.05,Treasury
685,2025-05-17,197796438.97,227978955.57,Operations
686,2025-05-18,118277374.12,175970866.17,Retail Banking
687,2025-05-18,183645924.41,216415752.72,Corporate Banking
688,2025-05-18,106581564.08,190287706.17,Markets
689,2025-05-18,264908497.15,159525154.83,Treasury
690,2025-05-18,160653935.41,123404255.53,Operations
691,2025-05-19,178483278.47,212240097.73,Retail Banking
692,2025-05-19,176781847.35,171075586.93,Corporate Banking
693,2025-05-19,168187134.01,78186481.03,Markets
694,2025-05-19,179378932.0,208208387.39,Treasury
695,2025-05-19,132739998.24,99082175.64,Operations
696,2025-05-20,165702583.13,121649566.95,Retail Banking
697,2025-05-20,123878299.34,144237666.79,Corporate Banking
698,2025-05-20,102658323.87,218439317.29,Markets
699,2025-05-20,341264034.97,256507011.21,Treasury
700,2025-05-20,98056350.69,194140360.72,Operations
701,2025-05-21,217352745.78,192842338.83,Retail Banking
702,2025-05-21,99374200.81,173025273.13,Corporate Banking
703,2025-05-21,221835215.28,162376544.2,Markets
704,2025-05-21,284833880.68,200673419.39,Treasury
705,2025-05-21,169880244.38,75500297.34,Operations
706,2025-05-22,188623713.74,83031554.06,Retail Banking
707,2025-05-22,153952481.04,116824815.63,Corporate Banking
708,2025-05-22,172722751.54,91346613.68,Markets
709,2025-05-22,296369067.5,276082584.27,Treasury
710,2025-05-22,107770256.46,86690093.98,Operations
711,2025-05-23,104737632.07,210340409.9,Retail Banking
712,2025-05-23,169792174.5,144761759.36,Corporate Banking
713,2025-05-23,98141009.25,173928961.08,Markets
714,2025-05-23,341339895.93,283513634.73,Treasury
715,2025-05-23,186429300.53,82044594.66,Operations
716,2025-05-24,99107494.62,77889437.94,Retail Banking
717,2025-05-24,123771466.8,91705834.75,Corporate Banking
718,2025-05-24,124208166.84,131609288.92,Markets
719,2025-05-24,360460609.94,234724237.39,Treasury
720,2025-05-24,221945543.57,183656240.11,Operations
721,2025-05-25,99125532.19,187747265.02,Retail Banking
722,2025-05-25,126766809.87,172257255.52,Corporate Banking
723,2025-05-25,137963535.52,229627562.12,Markets
724,2025-05-25,187205627.27,160525225.45,Treasury
725,2025-05-25,238214283.45,73943104.74,Operations
726,2025-05-26,198437127.94,186052222.52,Retail Banking
727,2025-05-26,222184358.16,225910289.7,Corporate Banking
728,2025-05-26,245852326.26,80444281.21,Markets
729,2025-05-26,329569027.3,242773425.14,Treasury
730,2025-05-26,190048162.84,90535988.26,Operations
731,2025-05-27,190531818.3,227197212.9,Retail Banking
732,2025-05-27,235009156.82,140260905.73,Corporate Banking
733,2025-05-27,86791155.46,127966958.4,Markets
734,2025-05-27,330729529.46,255135798.73,Treasury
735,2025-05-27,158088421.45,78816245.63,Operations
736,2025-05-28,152572103.73,145043990.35,Retail Banking
737,2025-05-28,237854440.59,172573776.57,Corporate Banking
738,2025-05-28,132980995.83,154050922.31,Markets
739,2025-05-28,136844103.49,315855284.79,Treasury
740,2025-05-28,141210183.33,146458776.79,Operations
741,2025-05-29,140398275.62,179201876.82,Retail Banking
742,2025-05-29,192579466.92,184451569.68,Corporate Banking
743,2025-05-29,125584349.03,120506956.99,Markets
744,2025-05-29,151939063.93,244834233.69,Treasury
745,2025-05-29,86765511.65,165629173.68,Operations
746,2025-05-30,227848300.42,212533143.73,Retail Banking
747,2025-05-30,156336419.26,143488590.11,Corporate Banking
748,2025-05-30,93084761.11,177322404.07,Markets
749,2025-05-30,329421152.2,152802732.23,Treasury
750,2025-05-30,151621149.88,204214293.88,Operations
751,2025-05-31,229110479.5,108908796.84,Retail Banking
752,2025-05-31,173597007.87,100798904.1,Corporate Banking
753,2025-05-31,97319389.9,215779280.22,Markets
754,2025-05-31,329229413.58,268247818.0,Treasury
755,2025-05-31,88290274.2,204996606.83,Operations
756,2025-06-01,154467492.9,124783219.73,Retail Banking
757,2025-06-01,172900981.37,84616518.84,Corporate Banking
758,2025-06-01,208629913.39,163189612.3,Markets
759,2025-06-01,167580474.7,140164012.75,Treasury
760,2025-06-01,111322270.77,79120382.01,Operations
761,2025-06-02,179925736.39,204455708.41,Retail Banking
762,2025-06-02,82974696.38,77840743.2,Corporate Banking
763,2025-06-02,177370947.04,201119309.66,Markets
764,2025-06-02,203318417.1,176313625.33,Treasury
765,2025-06-02,181378904.57,113874062.26,Operations
766,2025-06-03,84523422.23,187636562.9,Retail Banking
767,2025-06-03,186360485.2,162920959.85,Corporate Banking
768,2025-06-03,206086301.93,178036934.01,Markets
769,2025-06-03,172499906.99,176955754.52,Treasury
770,2025-06-03,101438724.09,90777122.15,Operations
771,2025-06-04,194953276.88,207376017.12,Retail Banking
772,2025-06-04,243664539.26,170535538.81,Corporate Banking
773,2025-06-04,111297224.97,86904055.27,Markets
774,2025-06-04,327276997.74,227641450.7,Treasury
775,2025-06-04,185108453.57,195033934.2,Operations
776,2025-06-05,199557128.71,203513320.46,Retail Banking
777,2025-06-05,89556363.93,189603301.88,Corporate Banking
778,2025-06-05,224644968.74,115781606.79,Markets
779,2025-06-05,283314054.87,168372302.3,Treasury
780,2025-06-05,242855081.3,75347771.59,Operations
781,2025-06-06,178564783.45,96640567.53,Retail Banking
782,2025-06-06,201077434.88,98142445.35,Corporate Banking
783,2025-06-06,120015154.52,149099329.77,Markets
784,2025-06-06,353282912.25,145424019.36,Treasury
785,2025-06-06,104520803.59,191436293.1,Operations
786,2025-06-07,165105320.5,215885617.98,Retail Banking
787,2025-06-07,104924474.72,173348462.88,Corporate Banking
788,2025-06-07,119589454.85,95081668.58,Markets
789,2025-06-07,294274500.87,230985354.86,Treasury
790,2025-06-07,208320667.92,119514012.23,Operations
791,2025-06-08,156155181.58,134875468.21,Retail Banking
792,2025-06-08,247295208.87,116759833.08,Corporate Banking
793,2025-06-08,130118930.52,126727713.41,Markets
794,2025-06-08,263971490.73,154520294.72,Treasury
795,2025-06-08,235599289.86,112509690.38,Operations
796,2025-06-09,232288674.37,86556010.18,Retail Banking
797,2025-06-09,191615659.41,215117682.95,Corporate Banking
798,2025-06-09,108687404.53,224932313.62,Markets
799,2025-06-09,235485256.91,309840184.29,Treasury
800,2025-06-09,195059407.42,118253899.18,Operations
801,2025-06-10,112011429.24,118597607.4,Retail Banking
802,2025-06-10,95812959.57,93018874.61,Corporate Banking
803,2025-06-10,97792274.86,137670967.0,Markets
804,2025-06-10,322872485.95,129669916.14,Treasury
805,2025-06-10,102154473.64,172948631.92,Operations
806,2025-06-11,113521106.93,85617606.1,Retail Banking
807,2025-06-11,108364258.29,217797023.34,Corporate Banking
808,2025-06-11,219650112.97,126650329.98,Markets
809,2025-06-11,287234295.67,218349750.9,Treasury
810,2025-06-11,195111124.79,179227384.39,Operations
811,2025-06-12,186884782.56,112576218.97,Retail Banking
812,2025-06-12,86631091.53,142890685.12,Corporate Banking
813,2025-06-12,231465560.4,161119561.36,Markets
814,2025-06-12,332259715.63,320123852.82,Treasury
815,2025-06-12,107814754.7,180684422.26,Operations
816,2025-06-13,194629907.53,226792871.58,Retail Banking
817,2025-06-13,247552124.77,179868577.88,Corporate Banking
818,2025-06-13,121414514.64,197768934.1,Markets
819,2025-06-13,147292429.22,272876644.13,Treasury
820,2025-06-13,234733341.1,131253343.16,Operations
821,2025-06-14,187208000.15,138822837.14,Retail Banking
822,2025-06-14,154420059.35,119659342.26,Corporate Banking
823,2025-06-14,209562035.48,219788250.27,Markets
824,2025-06-14,359891469.1,137151007.81,Treasury
825,2025-06-14,228706420.44,187989030.63,Operations
826,2025-06-15,122982358.12,80765538.07,Retail Banking
827,2025-06-15,125559535.37,215953317.89,Corporate Banking
828,2025-06-15,187640374.73,185368745.74,Markets
829,2025-06-15,185573849.53,259142946.85,Treasury
830,2025-06-15,84780656.07,130051415.32,Operations
831,2025-06-16,186548069.25,93375450.49,Retail Banking
832,2025-06-16,219910607.66,107605007.81,Corporate Banking
833,2025-06-16,190887789.18,134831542.81,Markets
834,2025-06-16,271991116.85,122068923.79,Treasury
835,2025-06-16,82875175.99,215530308.38,Operations
836,2025-06-17,125837101.49,201148320.44,Retail Banking
837,2025-06-17,249889551.08,103829001.28,Corporate Banking
838,2025-06-17,125079026.0,176057566.02,Markets
839,2025-06-17,366189401.82,303142413.99,Treasury
840,2025-06-17,165488838.41,197217645.2,Operations
841,2025-06-18,103076795.03,226390109.47,Retail Banking
842,2025-06-18,243940049.79,96196633.26,Corporate Banking
843,2025-06-18,130901931.22,86024799.6,Markets
844,2025-06-18,189287987.72,280774096.83,Treasury
845,2025-06-18,144313653.22,84143514.74,Operations
846,2025-06-19,138178339.21,227021333.48,Retail Banking
847,2025-06-19,187046211.19,136585751.42,Corporate Banking
848,2025-06-19,108311547.29,227788287.57,Markets
849,2025-06-19,329316497.36,161050915.75,Treasury
850,2025-06-19,91911678.27,79060089.18,Operations
851,2025-06-20,100464285.42,162922973.38,Retail Banking
852,2025-06-20,237889781.6,149478948.48,Corporate Banking
853,2025-06-20,223300732.02,141341859.18,Markets
854,2025-06-20,300688804.17,261939493.15,Treasury
855,2025-06-20,109573830.0,127794569.44,Operations
856,2025-06-21,188341366.61,81311457.31,Retail Banking
857,2025-06-21,141461831.92,155567914.6,Corporate Banking
858,2025-06-21,249358163.82,145925370.02,Markets
859,2025-06-21,328094473.06,194783071.85,Treasury
860,2025-06-21,215386422.85,165266368.26,Operations
861,2025-06-22,230721225.06,135750808.38,Retail Banking
862,2025-06-22,182731751.37,170802988.9,Corporate Banking
863,2025-06-22,150955100.11,93089926.99,Markets
864,2025-06-22,143857648.76,101734427.33,Treasury
865,2025-06-22,228500824.92,107835985.96,Operations
866,2025-06-23,115956147.38,187765664.07,Retail Banking
867,2025-06-23,134402739.22,150967150.79,Corporate Banking
868,2025-06-23,107626881.1,223559315.43,Markets
869,2025-06-23,337153257.0,291488875.54,Treasury
870,2025-06-23,149151537.26,191977794.19,Operations
871,2025-06-24,104458946.42,71379040.41,Retail Banking
872,2025-06-24,83395398.54,163856277.98,Corporate Banking
873,2025-06-24,157417133.89,152882455.83,Markets
874,2025-06-24,121903100.81,192681802.8,Treasury
875,2025-06-24,202071587.4,140830992.31,Operations
876,2025-06-25,204477265.07,107283034.3,Retail Banking
877,2025-06-25,218234140.76,164148998.47,Corporate Banking
878,2025-06-25,115829726.9,107875276.14,Markets
879,2025-06-25,280147768.47,283906468.88,Treasury
880,2025-06-25,150656722.94,111328068.66,Operations
881,2025-06-26,227391973.17,177082926.68,Retail Banking
882,2025-06-26,156174532.84,148064031.24,Corporate Banking
883,2025-06-26,114723599.55,170288420.81,Markets
884,2025-06-26,211479340.19,321024519.58,Treasury
885,2025-06-26,161631197.59,147741696.99,Operations
886,2025-06-27,176194803.86,216680960.5,Retail Banking
887,2025-06-27,216139076.98,142180811.17,Corporate Banking
888,2025-06-27,202178875.22,163797679.8,Markets
889,2025-06-27,245553597.42,141078733.1,Treasury
890,2025-06-27,158869164.79,109330973.92,Operations
891,2025-06-28,235523165.47,123665090.16,Retail Banking
892,2025-06-28,241884882.47,155288846.42,Corporate Banking
893,2025-06-28,187362544.37,156870471.12,Markets
894,2025-06-28,152992057.33,182183953.06,Treasury
895,2025-06-28,96854839.09,169672647.07,Operations
896,2025-06-29,155968613.18,194477595.45,Retail Banking
897,2025-06-29,117479981.77,96330569.35,Corporate Banking
898,2025-06-29,149076479.26,218253661.31,Markets
899,2025-06-29,301157562.83,191838891.95,Treasury
900,2025-06-29,167936268.86,83474081.79,Operations
901,2025-06-30,247377902.38,176625168.75,Retail Banking
902,2025-06-30,128518691.64,163729343.07,Corporate Banking
903,2025-06-30,98612002.23,224533867.01,Markets
904,2025-06-30,164570171.91,243158791.24,Treasury
905,2025-06-30,121727258.63,184809821.22,Operations
906,2025-07-01,212059632.43,177747156.63,Retail Banking
907,2025-07-01,184464908.24,212795055.03,Corporate Banking
908,2025-07-01,93366540.87,122946362.52,Markets
909,2025-07-01,183313307.31,319315127.5,Treasury
910,2025-07-01,146196262.54,187218031.88,Operations
911,2025-07-02,196403277.86,103932998.0,Retail Banking
912,2025-07-02,120629605.64,115005530.17,Corporate Banking
913,2025-07-02,149891637.3,107492010.5,Markets
914,2025-07-02,125011128.1,294984044.72,Treasury
915,2025-07-02,244153671.33,124651261.93,Operations
916,2025-07-03,137546169.5,71134690.04,Retail Banking
917,2025-07-03,195642617.02,202070383.32,Corporate Banking
918,2025-07-03,104923411.06,95546615.9,Markets
919,2025-07-03,321471228.74,236049127.63,Treasury
920,2025-07-03,87626294.8,169607518.47,Operations
921,2025-07-04,132516012.88,128996024.88,Retail Banking
922,2025-07-04,210854341.11,199749630.83,Corporate Banking
923,2025-07-04,148060626.56,221544469.76,Markets
924,2025-07-04,223647993.08,270891271.89,Treasury
925,2025-07-04,162259134.98,213605172.24,Operations
926,2025-07-05,234319411.42,83986689.26,Retail Banking
927,2025-07-05,239203866.32,202085574.64,Corporate Banking
928,2025-07-05,214522821.43,102145814.35,Markets
929,2025-07-05,325305398.23,288429732.57,Treasury
930,2025-07-05,129155556.86,222361612.54,Operations
931,2025-07-06,88476224.89,93985480.52,Retail Banking
932,2025-07-06,171388793.47,162126795.38,Corporate Banking
933,2025-07-06,189675514.16,72715060.69,Markets
934,2025-07-06,364893527.53,107987732.77,Treasury
935,2025-07-06,104320531.96,72242322.8,Operations
936,2025-07-07,176365933.66,219162701.43,Retail Banking
937,2025-07-07,193211018.23,201625194.96,Corporate Banking
938,2025-07-07,82257804.59,156722447.76,Markets
939,2025-07-07,237188559.26,209768819.51,Treasury
940,2025-07-07,92276241.51,179509657.77,Operations
941,2025-07-08,165547470.53,192423815.98,Retail Banking
942,2025-07-08,162499407.79,93901061.8,Corporate Banking
943,2025-07-08,190203682.19,97581817.94,Markets
944,2025-07-08,342460613.66,235338037.55,Treasury
945,2025-07-08,106724660.2,223974089.2,Operations
946,2025-07-09,168122128.77,81663752.3,Retail Banking
947,2025-07-09,186561593.75,110511825.12,Corporate Banking
948,2025-07-09,216627886.82,200851531.77,Markets
949,2025-07-09,369631575.74,210418774.95,Treasury
950,2025-07-09,157342669.55,190556096.87,Operations
951,2025-07-10,102520011.58,157506482.21,Retail Banking
952,2025-07-10,172862092.02,84315699.65,Corporate Banking
953,2025-07-10,151057294.54,206525567.77,Markets
954,2025-07-10,338319173.61,120229236.94,Treasury
955,2025-07-10,95422550.07,112031276.32,Operations
956,2025-07-11,228710230.63,90624413.61,Retail Banking
957,2025-07-11,202399456.45,86186499.14,Corporate Banking
958,2025-07-11,185933435.14,126970767.86,Markets
959,2025-07-11,321173060.56,150346660.54,Treasury
960,2025-07-11,188664311.0,107709205.53,Operations
961,2025-07-12,201322248.13,209788485.53,Retail Banking
962,2025-07-12,101556305.85,208655310.18,Corporate Banking
963,2025-07-12,180907793.25,90337678.54,Markets
964,2025-07-12,229023173.12,134032705.74,Treasury
965,2025-07-12,199059141.11,191418901.51,Operations
966,2025-07-13,97985408.45,150982376.43,Retail Banking
967,2025-07-13,218486259.52,219786086.65,Corporate Banking
968,2025-07-13,167298037.35,222044675.78,Markets
969,2025-07-13,256600687.47,186298670.79,Treasury
970,2025-07-13,224194531.85,148877233.67,Operations
971,2025-07-14,160223426.8,148449998.31,Retail Banking
972,2025-07-14,223953450.32,203110646.67,Corporate Banking
973,2025-07-14,148598398.71,123327977.58,Markets
974,2025-07-14,245441646.13,226301042.18,Treasury
975,2025-07-14,120517325.81,197032813.55,Operations
976,2025-07-15,162702070.17,123447287.75,Retail Banking
977,2025-07-15,98159568.8,108215225.66,Corporate Banking
978,2025-07-15,241377799.2,118815949.89,Markets
979,2025-07-15,163059118.79,201190705.33,Treasury
980,2025-07-15,132204916.37,75625480.04,Operations
981,2025-07-16,134934686.94,157057379.83,Retail Banking
982,2025-07-16,173791103.24,127049427.39,Corporate Banking
983,2025-07-16,156041468.56,224482866.92,Markets
984,2025-07-16,216223861.69,155842806.17,Treasury
985,2025-07-16,121389397.49,143242338.03,Operations
986,2025-07-17,209118425.28,102958109.47,Retail Banking
987,2025-07-17,200580341.61,73383971.74,Corporate Banking
988,2025-07-17,151218606.26,194138410.43,Markets
989,2025-07-17,206376903.72,224277110.72,Treasury
990,2025-07-17,114846469.58,188719262.58,Operations
991,2025-07-18,88887447.56,206406823.18,Retail Banking
992,2025-07-18,113693385.69,209903685.07,Corporate Banking
993,2025-07-18,139929971.02,185629371.92,Markets
994,2025-07-18,201402450.94,300924214.36,Treasury
995,2025-07-18,101528311.34,98563166.28,Operations
996,2025-07-19,163815121.28,83110150.25,Retail Banking
997,2025-07-19,113316631.4,221002621.15,Corporate Banking
998,2025-07-19,246003242.4,130201492.69,Markets
999,2025-07-19,355437935.36,220040727.35,Treasury
1000,2025-07-19,125856219.2,182383795.37,Operations
1001,2025-07-20,192013307.12,228260051.06,Retail Banking
1002,2025-07-20,125058038.86,177529520.43,Corporate Banking
1003,2025-07-20,88844038.36,88183366.19,Markets
1004,2025-07-20,120999185.61,321879192.56,Treasury
1005,2025-07-20,216386528.52,195875682.36,Operations
1006,2025-07-21,166653432.8,118010733.26,Retail Banking
1007,2025-07-21,105714928.36,115547958.22,Corporate Banking
1008,2025-07-21,143915107.73,191009615.52,Markets
1009,2025-07-21,257613756.17,115356332.35,Treasury
1010,2025-07-21,83064931.52,86373148.73,Operations
1011,2025-07-22,149784781.33,219310866.73,Retail Banking
1012,2025-07-22,188358421.81,198292143.98,Corporate Banking
1013,2025-07-22,159283681.07,127866573.31,Markets
1014,2025-07-22,147642095.04,294208996.97,Treasury
1015,2025-07-22,213137204.93,96898895.62,Operations
1016,2025-07-23,167084295.86,147979969.27,Retail Banking
1017,2025-07-23,186265563.96,221389903.04,Corporate Banking
1018,2025-07-23,178561145.1,156434762.68,Markets
1019,2025-07-23,132832347.9,112091274.63,Treasury
1020,2025-07-23,111848954.53,75195323.47,Operations
1021,2025-07-24,206369992.25,185732848.64,Retail Banking
1022,2025-07-24,103129559.85,203772624.13,Corporate Banking
1023,2025-07-24,106313625.92,118188093.92,Markets
1024,2025-07-24,183489109.29,181396790.08,Treasury
1025,2025-07-24,123292840.2,148232148.23,Operations
1026,2025-07-25,149259339.83,227851118.52,Retail Banking
1027,2025-07-25,89507479.52,92749020.22,Corporate Banking
1028,2025-07-25,88980401.96,170134591.2,Markets
1029,2025-07-25,133899865.74,285362501.17,Treasury
1030,2025-07-25,167029567.22,154321219.93,Operations
1031,2025-07-26,175471066.31,97330193.01,Retail Banking
1032,2025-07-26,113607351.53,121010771.66,Corporate Banking
1033,2025-07-26,180894390.69,103618844.15,Markets
1034,2025-07-26,149664590.42,315306182.56,Treasury
1035,2025-07-26,83736908.52,198431584.85,Operations
1036,2025-07-27,213965975.43,117554258.22,Retail Banking
1037,2025-07-27,103056524.72,93300583.47,Corporate Banking
1038,2025-07-27,198563374.93,172849054.57,Markets
1039,2025-07-27,319600146.93,307995782.62,Treasury
1040,2025-07-27,197627651.76,94936245.85,Operations
1041,2025-07-28,121385244.85,204750996.94,Retail Banking
1042,2025-07-28,115582032.89,81603570.71,Corporate Banking
1043,2025-07-28,199557609.19,134404216.88,Markets
1044,2025-07-28,354610213.4,243657135.92,Treasury
1045,2025-07-28,95371226.22,221657050.76,Operations
1046,2025-07-29,123954734.82,123953998.47,Retail Banking
1047,2025-07-29,148384270.33,78195887.42,Corporate Banking
1048,2025-07-29,164407621.78,89730958.57,Markets
1049,2025-07-29,222247433.31,176558992.51,Treasury
1050,2025-07-29,211382814.18,198507281.86,Operations
1051,2025-07-30,106080190.01,128648189.98,Retail Banking
1052,2025-07-30,143470037.38,94225671.03,Corporate Banking
1053,2025-07-30,215737095.86,183156532.53,Markets
1054,2025-07-30,168547355.51,180145707.53,Treasury
1055,2025-07-30,97986854.23,170513055.53,Operations
1056,2025-07-31,100633227.17,227749466.98,Retail Banking
1057,2025-07-31,212715952.7,132438167.93,Corporate Banking
1058,2025-07-31,178355868.49,215814690.59,Markets
1059,2025-07-31,261295316.5,137087660.95,Treasury
1060,2025-07-31,144379570.45,204903178.4,Operations
1061,2025-08-01,189516212.72,174115901.49,Retail Banking
1062,2025-08-01,227359652.57,213035689.19,Corporate Banking
1063,2025-08-01,236364737.2,85175870.92,Markets
1064,2025-08-01,258752130.5,263874132.75,Treasury
1065,2025-08-01,208677563.67,167074592.32,Operations
1066,2025-08-02,108353846.98,197587288.63,Retail Banking
1067,2025-08-02,202418926.7,83781723.45,Corporate Banking
1068,2025-08-02,158847670.19,97836383.92,Markets
1069,2025-08-02,206056646.66,102050164.65,Treasury
1070,2025-08-02,148056077.63,157980307.38,Operations
1071,2025-08-03,185329040.78,176158455.22,Retail Banking
1072,2025-08-03,222169523.23,104474065.16,Corporate Banking
1073,2025-08-03,100481909.81,206245947.5,Markets
1074,2025-08-03,159936267.8,316346258.22,Treasury
1075,2025-08-03,223231499.0,150140256.94,Operations
1076,2025-08-04,246841642.24,85580276.66,Retail Banking
1077,2025-08-04,131521179.4,172115906.41,Corporate Banking
1078,2025-08-04,139501167.64,218539608.32,Markets
1079,2025-08-04,136734652.49,221068250.38,Treasury
1080,2025-08-04,180447265.46,174436499.8,Operations
1081,2025-08-05,123463257.97,128330628.4,Retail Banking
1082,2025-08-05,223425690.04,101190843.04,Corporate Banking
1083,2025-08-05,220567534.02,160024867.66,Markets
1084,2025-08-05,314357815.35,257848050.04,Treasury
1085,2025-08-05,115276954.22,161010037.83,Operations
1086,2025-08-06,227512935.98,139138597.89,Retail Banking
1087,2025-08-06,244320430.94,142354416.02,Corporate Banking
1088,2025-08-06,104273558.23,132309548.81,Markets
1089,2025-08-06,362684113.63,169617470.25,Treasury
1090,2025-08-06,227576687.18,211000109.07,Operations
1091,2025-08-07,139531709.14,83321225.29,Retail Banking
1092,2025-08-07,203174844.56,119841967.84,Corporate Banking
1093,2025-08-07,213097014.42,140824775.72,Markets
1094,2025-08-07,243743019.3,272251707.11,Treasury
1095,2025-08-07,145001766.28,140900375.25,Operations
1096,2025-08-08,143952379.69,128774482.44,Retail Banking
1097,2025-08-08,169410918.07,199407911.12,Corporate Banking
1098,2025-08-08,141500613.03,153880755.29,Markets
1099,2025-08-08,291035467.99,158354435.97,Treasury
1100,2025-08-08,127178876.83,219346100.32,Operations
1101,2025-08-09,203000877.47,162349868.2,Retail Banking
1102,2025-08-09,190112409.25,74687910.9,Corporate Banking
1103,2025-08-09,185077504.15,151521419.72,Markets
1104,2025-08-09,259166168.34,178510937.21,Treasury
1105,2025-08-09,93850562.61,100934277.38,Operations
1106,2025-08-10,241626601.25,135391929.96,Retail Banking
1107,2025-08-10,159336136.49,78433566.38,Corporate Banking
1108,2025-08-10,86386259.02,184749031.53,Markets
1109,2025-08-10,257214139.35,211950140.46,Treasury
1110,2025-08-10,121331170.17,189160117.06,Operations
1111,2025-08-11,108600218.45,100389558.99,Retail Banking
1112,2025-08-11,158321069.13,115804777.94,Corporate Banking
1113,2025-08-11,122068706.81,173238023.13,Markets
1114,2025-08-11,285997795.03,282691823.64,Treasury
1115,2025-08-11,151010456.39,81693614.56,Operations
1116,2025-08-12,126523285.44,226800874.11,Retail Banking
1117,2025-08-12,181363957.79,183557933.57,Corporate Banking
1118,2025-08-12,81250831.04,152912917.15,Markets
1119,2025-08-12,129569807.67,225507567.51,Treasury
1120,2025-08-12,236531044.44,224947060.88,Operations
1121,2025-08-13,171893954.82,143312768.84,Retail Banking
1122,2025-08-13,240652906.02,177777573.12,Corporate Banking
1123,2025-08-13,91032877.52,144516092.43,Markets
1124,2025-08-13,181262479.71,203236168.0,Treasury
1125,2025-08-13,157429147.24,163143168.45,Operations
1126,2025-08-14,140650983.36,96283271.91,Retail Banking
1127,2025-08-14,165632303.88,202832461.5,Corporate Banking
1128,2025-08-14,192882078.77,124138858.55,Markets
1129,2025-08-14,358558370.8,302334495.96,Treasury
1130,2025-08-14,115589227.9,76306813.62,Operations
1131,2025-08-15,206022480.42,202417641.82,Retail Banking
1132,2025-08-15,244536976.21,212373823.05,Corporate Banking
1133,2025-08-15,182090910.6,154808374.27,Markets
1134,2025-08-15,127099468.07,153251044.09,Treasury
1135,2025-08-15,158134507.79,170560624.01,Operations
1136,2025-08-16,174732811.66,188821758.35,Retail Banking
1137,2025-08-16,127560378.25,160392417.22,Corporate Banking
1138,2025-08-16,94984181.38,136186483.77,Markets
1139,2025-08-16,311291012.4,253321791.17,Treasury
1140,2025-08-16,248409265.32,114462580.16,Operations
1141,2025-08-17,164692180.86,122724866.2,Retail Banking
1142,2025-08-17,154902529.39,207112020.78,Corporate Banking
1143,2025-08-17,196315542.78,211190590.62,Markets
1144,2025-08-17,171895332.62,293632890.4,Treasury
1145,2025-08-17,90159586.61,212175884.87,Operations
1146,2025-08-18,135942542.51,120334021.35,Retail Banking
1147,2025-08-18,167055058.04,220510430.04,Corporate Banking
1148,2025-08-18,88122832.0,126356956.01,Markets
1149,2025-08-18,338425857.11,186716202.95,Treasury
1150,2025-08-18,113856672.59,137967069.01,Operations
1151,2025-08-19,145543925.25,216466592.23,Retail Banking
1152,2025-08-19,209528843.88,150818488.92,Corporate Banking
1153,2025-08-19,248022996.34,144444405.0,Markets
1154,2025-08-19,134850646.86,156749448.09,Treasury
1155,2025-08-19,154131981.64,95104419.86,Operations
1156,2025-08-20,241086071.48,192695823.65,Retail Banking
1157,2025-08-20,125608824.07,164528725.36,Corporate Banking
1158,2025-08-20,202646356.71,220604628.63,Markets
1159,2025-08-20,344817014.04,213403058.65,Treasury
1160,2025-08-20,211690945.36,159943160.61,Operations
1161,2025-08-21,173959661.31,88358713.33,Retail Banking
1162,2025-08-21,101443401.86,154725378.4,Corporate Banking
1163,2025-08-21,125706462.65,73365904.39,Markets
1164,2025-08-21,304323996.99,105276997.66,Treasury
1165,2025-08-21,181197062.99,156271007.06,Operations
1166,2025-08-22,244698497.4,147474102.3,Retail Banking
1167,2025-08-22,90812244.18,158270074.85,Corporate Banking
1168,2025-08-22,222986349.0,229495885.49,Markets
1169,2025-08-22,229737509.29,169746918.32,Treasury
1170,2025-08-22,234131060.48,100598740.65,Operations
1171,2025-08-23,184622915.56,134914307.87,Retail Banking
1172,2025-08-23,86984002.04,125566155.89,Corporate Banking
1173,2025-08-23,125088848.83,179774584.63,Markets
1174,2025-08-23,361941576.91,158042569.97,Treasury
1175,2025-08-23,217949209.66,78857570.71,Operations
1176,2025-08-24,171480571.71,81288010.19,Retail Banking
1177,2025-08-24,238785608.49,192616204.89,Corporate Banking
1178,2025-08-24,191851484.9,201823421.06,Markets
1179,2025-08-24,285117547.87,315043544.97,Treasury
1180,2025-08-24,201372851.14,217945377.53,Operations
1181,2025-08-25,167912421.64,88730306.08,Retail Banking
1182,2025-08-25,169790212.64,90299652.49,Corporate Banking
1183,2025-08-25,180723891.46,147198889.68,Markets
1184,2025-08-25,278756726.45,100250523.76,Treasury
1185,2025-08-25,113122883.58,148612869.11,Operations
1186,2025-08-26,241585605.47,131377446.46,Retail Banking
1187,2025-08-26,152143244.43,184351374.24,Corporate Banking
1188,2025-08-26,182644768.74,117828184.02,Markets
1189,2025-08-26,224758180.87,146764754.94,Treasury
1190,2025-08-26,244223648.05,90901501.05,Operations
1191,2025-08-27,143212253.38,74134235.56,Retail Banking
1192,2025-08-27,117702513.63,194875382.14,Corporate Banking
1193,2025-08-27,114199789.49,82810144.4,Markets
1194,2025-08-27,240985560.86,100233108.58,Treasury
1195,2025-08-27,94410246.25,199220139.13,Operations
1196,2025-08-28,211150468.63,216422211.26,Retail Banking
1197,2025-08-28,225267624.1,179308090.12,Corporate Banking
1198,2025-08-28,88896585.74,195255778.88,Markets
1199,2025-08-28,335605256.76,276994400.65,Treasury
1200,2025-08-28,166441436.0,107264294.18,Operations
1201,2025-08-29,223706095.87,186346049.56,Retail Banking
1202,2025-08-29,246729399.65,94910815.64,Corporate Banking
1203,2025-08-29,118362979.12,103887703.98,Markets
1204,2025-08-29,322097640.74,139867234.4,Treasury
1205,2025-08-29,91332171.07,229769729.05,Operations
1206,2025-08-30,84218925.95,203639049.63,Retail Banking
1207,2025-08-30,142112363.06,204658473.56,Corporate Banking
1208,2025-08-30,174285483.51,214260996.72,Markets
1209,2025-08-30,356179211.54,100037992.61,Treasury
1210,2025-08-30,92820069.92,110057396.73,Operations
1211,2025-08-31,193783620.78,212123551.44,Retail Banking
1212,2025-08-31,158190131.72,167115698.6,Corporate Banking
1213,2025-08-31,112044974.98,198794693.42,Markets
1214,2025-08-31,366668668.4,158166160.97,Treasury
1215,2025-08-31,164120411.77,83778577.68,Operations
1216,2025-09-01,175053231.6,150445350.7,Retail Banking
1217,2025-09-01,104554202.31,140730594.1,Corporate Banking
1218,2025-09-01,136797790.85,153492940.05,Markets
1219,2025-09-01,269341855.53,99903009.61,Treasury
1220,2025-09-01,209371017.1,184082286.7,Operations
1221,2025-09-02,142268685.66,78469749.69,Retail Banking
1222,2025-09-02,208338531.76,222828025.68,Corporate Banking
1223,2025-09-02,120825771.32,121763938.2,Markets
1224,2025-09-02,166872286.82,227233691.63,Treasury
1225,2025-09-02,106323037.09,126991030.95,Operations
1226,2025-09-03,198492212.37,159618557.28,Retail Banking
1227,2025-09-03,145698635.94,137239936.29,Corporate Banking
1228,2025-09-03,175558850.05,70938356.46,Markets
1229,2025-09-03,140020016.46,295401807.18,Treasury
1230,2025-09-03,93239428.15,183088575.39,Operations
1231,2025-09-04,236406487.9,113309376.69,Retail Banking
1232,2025-09-04,142983544.3,161027424.94,Corporate Banking
1233,2025-09-04,229890524.84,220704893.96,Markets
1234,2025-09-04,308588628.27,117402826.43,Treasury
1235,2025-09-04,193756206.44,135648595.5,Operations
1236,2025-09-05,160019169.91,77863742.46,Retail Banking
1237,2025-09-05,112480563.69,196482177.21,Corporate Banking
1238,2025-09-05,157173001.62,118265958.66,Markets
1239,2025-09-05,217924863.86,289385490.98,Treasury
1240,2025-09-05,207329832.96,113570463.55,Operations
1241,2025-09-06,99975312.84,110319715.46,Retail Banking
1242,2025-09-06,236528596.68,163054214.06,Corporate Banking
1243,2025-09-06,170691635.49,165422975.95,Markets
1244,2025-09-06,213337207.77,278791972.55,Treasury
1245,2025-09-06,168958662.38,88679664.44,Operations
1246,2025-09-07,101941071.22,155897463.44,Retail Banking
1247,2025-09-07,239216937.07,119336339.47,Corporate Banking
1248,2025-09-07,227821998.71,192255293.85,Markets
1249,2025-09-07,183192172.94,106140327.62,Treasury
1250,2025-09-07,97314035.07,186559029.42,Operations
1251,2025-09-08,113943855.47,129403347.28,Retail Banking
1252,2025-09-08,165288858.22,186074906.95,Corporate Banking
1253,2025-09-08,99249307.95,135018624.84,Markets
1254,2025-09-08,243693591.83,219145262.33,Treasury
1255,2025-09-08,219121309.04,97468511.21,Operations
1256,2025-09-09,217331346.81,180860548.43,Retail Banking
1257,2025-09-09,174498038.41,181924459.26,Corporate Banking
1258,2025-09-09,150043015.62,92143613.75,Markets
1259,2025-09-09,289770136.27,215526596.7,Treasury
1260,2025-09-09,188693716.09,124079804.96,Operations
1261,2025-09-10,234167318.15,163979178.97,Retail Banking
1262,2025-09-10,94518422.33,141968638.51,Corporate Banking
1263,2025-09-10,208580529.31,197061529.88,Markets
1264,2025-09-10,246122248.45,298423455.87,Treasury
1265,2025-09-10,125503634.32,135695791.56,Operations
1266,2025-09-11,232761474.8,213401074.64,Retail Banking
1267,2025-09-11,196571170.7,207436887.54,Corporate Banking
1268,2025-09-11,95091455.38,208399196.19,Markets
1269,2025-09-11,201758076.17,137946258.78,Treasury
1270,2025-09-11,120692872.18,136874961.28,Operations
1271,2025-09-12,122702640.78,121290813.76,Retail Banking
1272,2025-09-12,102946342.63,117388282.49,Corporate Banking
1273,2025-09-12,177288248.47,140696593.29,Markets
1274,2025-09-12,208413284.12,265205276.86,Treasury
1275,2025-09-12,231896695.14,191086275.66,Operations
1276,2025-09-13,136440119.36,189110746.85,Retail Banking
1277,2025-09-13,105836631.02,90850878.09,Corporate Banking
1278,2025-09-13,138756596.3,199232379.05,Markets
1279,2025-09-13,182818803.05,112168763.59,Treasury
1280,2025-09-13,102390620.99,207399194.96,Operations
1281,2025-09-14,187743158.41,110512186.14,Retail Banking
1282,2025-09-14,174400290.31,154412739.59,Corporate Banking
1283,2025-09-14,191424116.33,107310008.71,Markets
1284,2025-09-14,340422761.73,167298557.91,Treasury
1285,2025-09-14,198002381.18,72579943.42,Operations
1286,2025-09-15,143351712.08,126273570.87,Retail Banking
1287,2025-09-15,172392352.86,81637801.88,Corporate Banking
1288,2025-09-15,214322333.53,104844928.28,Markets
1289,2025-09-15,292644642.79,277919515.61,Treasury
1290,2025-09-15,175519082.56,188541313.08,Operations
1291,2025-09-16,192516253.08,126884767.54,Retail Banking
1292,2025-09-16,217505951.64,117152219.18,Corporate Banking
1293,2025-09-16,177106196.02,189263638.26,Markets
1294,2025-09-16,216633757.0,165819944.11,Treasury
1295,2025-09-16,158088821.73,200874159.1,Operations
1296,2025-09-17,238086699.73,157213346.06,Retail Banking
1297,2025-09-17,192449254.91,214523779.56,Corporate Banking
1298,2025-09-17,96752964.74,107132572.46,Markets
1299,2025-09-17,300769501.59,282518759.47,Treasury
1300,2025-09-17,225694934.82,136417148.3,Operations
1301,2025-09-18,95187783.39,140045036.37,Retail Banking
1302,2025-09-18,119224880.34,116591432.8,Corporate Banking
1303,2025-09-18,211285484.66,82084333.76,Markets
1304,2025-09-18,331033210.46,193797875.22,Treasury
1305,2025-09-18,181330868.29,84344357.0,Operations
1306,2025-09-19,137351043.32,84352147.04,Retail Banking
1307,2025-09-19,243462432.89,199161863.89,Corporate Banking
1308,2025-09-19,158137568.24,105776407.73,Markets
1309,2025-09-19,358031051.84,175189637.44,Treasury
1310,2025-09-19,107367353.39,160106302.15,Operations
1311,2025-09-20,240441600.46,70612846.48,Retail Banking
1312,2025-09-20,120481223.35,220151622.47,Corporate Banking
1313,2025-09-20,109084614.37,88118952.26,Markets
1314,2025-09-20,265397740.03,291053016.42,Treasury
1315,2025-09-20,161108669.01,229130281.07,Operations
1316,2025-09-21,195459188.92,81851985.15,Retail Banking
1317,2025-09-21,248781462.39,135263077.88,Corporate Banking
1318,2025-09-21,128858430.75,159260669.37,Markets
1319,2025-09-21,197598435.91,117366481.59,Treasury
1320,2025-09-21,80242818.32,141933336.47,Operations
1321,2025-09-22,222266781.78,161570429.7,Retail Banking
1322,2025-09-22,249865240.82,115895463.3,Corporate Banking
1323,2025-09-22,127677361.01,95559913.64,Markets
1324,2025-09-22,161836215.01,161881797.51,Treasury
1325,2025-09-22,214782807.7,214921086.5,Operations
1326,2025-09-23,245764818.85,107166344.66,Retail Banking
1327,2025-09-23,229820582.75,122520814.28,Corporate Banking
1328,2025-09-23,99182892.57,209203988.08,Markets
1329,2025-09-23,282206936.83,134899720.72,Treasury
1330,2025-09-23,153071313.78,115961231.18,Operations
1331,2025-09-24,205255076.68,142546596.9,Retail Banking
1332,2025-09-24,248177590.67,78759197.16,Corporate Banking
1333,2025-09-24,140352595.24,147104026.74,Markets
1334,2025-09-24,248299056.46,168769624.21,Treasury
1335,2025-09-24,203970842.35,209959531.76,Operations
1336,2025-09-25,239582281.34,198814940.29,Retail Banking
1337,2025-09-25,224598633.54,158087248.1,Corporate Banking
1338,2025-09-25,220400998.49,118560625.46,Markets
1339,2025-09-25,221612084.34,168988515.1,Treasury
1340,2025-09-25,159455847.03,115692738.6,Operations
1341,2025-09-26,243473945.18,120055140.48,Retail Banking
1342,2025-09-26,96667571.48,154290746.57,Corporate Banking
1343,2025-09-26,89706843.34,87686906.61,Markets
1344,2025-09-26,175944294.25,202014455.97,Treasury
1345,2025-09-26,153652658.49,197950697.92,Operations
1346,2025-09-27,205710691.16,138210927.04,Retail Banking
1347,2025-09-27,136729715.29,120635005.45,Corporate Banking
1348,2025-09-27,211579164.84,78331585.0,Markets
1349,2025-09-27,123269520.63,276201943.79,Treasury
1350,2025-09-27,161114883.92,90940982.17,Operations
1351,2025-09-28,120046208.88,219200632.5,Retail Banking
1352,2025-09-28,226115505.86,183565608.04,Corporate Banking
1353,2025-09-28,161978289.16,153251780.19,Markets
1354,2025-09-28,368687356.5,314332579.43,Treasury
1355,2025-09-28,116595737.78,199776730.61,Operations
1356,2025-09-29,113531253.25,104165996.46,Retail Banking
1357,2025-09-29,194935815.81,134800175.77,Corporate Banking
1358,2025-09-29,238362549.21,84241557.58,Markets
1359,2025-09-29,250439038.41,303748822.82,Treasury
1360,2025-09-29,233699322.28,95044674.15,Operations
1361,2025-09-30,142328409.02,169059424.01,Retail Banking
1362,2025-09-30,107097130.41,224883547.53,Corporate Banking
1363,2025-09-30,235507385.88,96712028.65,Markets
1364,2025-09-30,150894642.62,117131500.15,Treasury
1365,2025-09-30,234605422.89,100979809.57,Operations
1366,2025-10-01,150768437.85,141816218.5,Retail Banking
1367,2025-10-01,181831877.52,81477655.0,Corporate Banking
1368,2025-10-01,118548964.96,219038461.91,Markets
1369,2025-10-01,351644577.35,273009105.02,Treasury
1370,2025-10-01,83298211.76,122321082.96,Operations
1371,2025-10-02,186752985.01,114030433.88,Retail Banking
1372,2025-10-02,234629738.16,171422313.89,Corporate Banking
1373,2025-10-02,92224141.94,215440894.21,Markets
1374,2025-10-02,364230497.83,115407581.72,Treasury
1375,2025-10-02,170501239.93,118538285.15,Operations
1376,2025-10-03,146782643.0,98744194.87,Retail Banking
1377,2025-10-03,178272257.34,223276696.52,Corporate Banking
1378,2025-10-03,165522342.05,83266333.02,Markets
1379,2025-10-03,278100340.04,174209950.76,Treasury
1380,2025-10-03,225507282.23,139548503.73,Operations
1381,2025-10-04,112782733.52,100576899.63,Retail Banking
1382,2025-10-04,210689910.72,112494015.73,Corporate Banking
1383,2025-10-04,210429677.01,102941969.72,Markets
1384,2025-10-04,202030024.02,202269081.83,Treasury
1385,2025-10-04,240343294.45,219077027.96,Operations
1386,2025-10-05,115168218.82,127315046.6,Retail Banking
1387,2025-10-05,105397896.04,151597612.69,Corporate Banking
1388,2025-10-05,158299033.62,214121625.99,Markets
1389,2025-10-05,357151371.34,183919095.59,Treasury
1390,2025-10-05,163595450.31,213397799.86,Operations
1391,2025-10-06,217140327.32,70585009.82,Retail Banking
1392,2025-10-06,134410125.91,137483878.71,Corporate Banking
1393,2025-10-06,119051768.23,101931458.54,Markets
1394,2025-10-06,129635049.18,242114818.42,Treasury
1395,2025-10-06,124626749.38,78375548.55,Operations
1396,2025-10-07,119266482.79,198306232.45,Retail Banking
1397,2025-10-07,224753160.88,147290599.23,Corporate Banking
1398,2025-10-07,150732013.97,226456590.96,Markets
1399,2025-10-07,171143988.19,146240479.36,Treasury
1400,2025-10-07,129617420.1,97641170.92,Operations
1401,2025-10-08,144492151.69,215733476.32,Retail Banking
1402,2025-10-08,184609132.91,135911447.78,Corporate Banking
1403,2025-10-08,238849835.08,77754277.2,Markets
1404,2025-10-08,173620425.36,224759047.54,Treasury
1405,2025-10-08,184643945.94,76329201.05,Operations
1406,2025-10-09,148516588.84,173864634.37,Retail Banking
1407,2025-10-09,198671992.89,172102384.4,Corporate Banking
1408,2025-10-09,134495748.14,84963219.78,Markets
1409,2025-10-09,228913673.84,126840993.97,Treasury
1410,2025-10-09,241096021.95,146027338.56,Operations
1411,2025-10-10,133934059.64,192608651.38,Retail Banking
1412,2025-10-10,164651260.74,119605443.84,Corporate Banking
1413,2025-10-10,218034516.21,208744344.16,Markets
1414,2025-10-10,291617082.4,108520030.62,Treasury
1415,2025-10-10,176274889.63,192127185.92,Operations
1416,2025-10-11,103205512.05,106587320.22,Retail Banking
1417,2025-10-11,230024167.86,73219475.5,Corporate Banking
1418,2025-10-11,207963613.43,145803726.8,Markets
1419,2025-10-11,233926900.5,99589623.28,Treasury
1420,2025-10-11,219297699.26,127571984.1,Operations
1421,2025-10-12,171930157.32,178368109.81,Retail Banking
1422,2025-10-12,199447027.99,222956809.41,Corporate Banking
1423,2025-10-12,170327792.05,133955128.16,Markets
1424,2025-10-12,363194424.76,241832692.65,Treasury
1425,2025-10-12,130685560.57,90234279.26,Operations
1426,2025-10-13,223234265.25,127949056.45,Retail Banking
1427,2025-10-13,192279852.63,145330627.1,Corporate Banking
1428,2025-10-13,113818062.57,166269857.38,Markets
1429,2025-10-13,135474182.58,190588711.01,Treasury
1430,2025-10-13,172924539.74,139767515.86,Operations
1431,2025-10-14,207274269.79,202467992.73,Retail Banking
1432,2025-10-14,211111322.59,76210071.65,Corporate Banking
1433,2025-10-14,113001890.98,155857201.48,Markets
1434,2025-10-14,358379620.31,285030317.61,Treasury
1435,2025-10-14,223230866.42,118513311.0,Operations
1436,2025-10-15,153006142.5,145312951.57,Retail Banking
1437,2025-10-15,106753169.17,74970900.84,Corporate Banking
1438,2025-10-15,240973492.91,108514013.71,Markets
1439,2025-10-15,181186970.45,116676908.04,Treasury
1440,2025-10-15,237846317.83,162757938.39,Operations
1441,2025-10-16,193396265.71,215852301.96,Retail Banking
1442,2025-10-16,138755428.71,169441169.78,Corporate Banking
1443,2025-10-16,86595907.3,99883604.52,Markets
1444,2025-10-16,331967680.3,269756111.82,Treasury
1445,2025-10-16,139609257.55,130289700.44,Operations
1446,2025-10-17,170704253.7,70038560.75,Retail Banking
1447,2025-10-17,121011537.13,103317089.38,Corporate Banking
1448,2025-10-17,122582100.95,198944934.81,Markets
1449,2025-10-17,191316833.42,140900776.14,Treasury
1450,2025-10-17,165724788.33,208503205.82,Operations
1451,2025-10-18,121029449.65,82565798.85,Retail Banking
1452,2025-10-18,140588805.09,189624291.93,Corporate Banking
1453,2025-10-18,173617392.6,200686939.13,Markets
1454,2025-10-18,364695997.64,275556394.79,Treasury
1455,2025-10-18,182646523.4,148934654.09,Operations
1456,2025-10-19,86811744.68,227491516.61,Retail Banking
1457,2025-10-19,145191790.84,94356514.23,Corporate Banking
1458,2025-10-19,193340505.42,115486126.26,Markets
1459,2025-10-19,269373459.09,229436011.36,Treasury
1460,2025-10-19,155774069.55,203778978.49,Operations
1461,2025-10-20,125044400.46,141781214.66,Retail Banking
1462,2025-10-20,171407661.86,176179955.32,Corporate Banking
1463,2025-10-20,213275214.59,133169165.26,Markets
1464,2025-10-20,284741970.74,131736853.49,Treasury
1465,2025-10-20,238550177.09,131289409.03,Operations
1466,2025-10-21,204018641.74,73254573.1,Retail Banking
1467,2025-10-21,114881814.29,147933207.09,Corporate Banking
1468,2025-10-21,229302919.51,154360823.99,Markets
1469,2025-10-21,357116972.98,206370504.83,Treasury
1470,2025-10-21,163376346.45,89159486.16,Operations
1471,2025-10-22,216451561.51,109514465.99,Retail Banking
1472,2025-10-22,232934123.19,215731875.25,Corporate Banking
1473,2025-10-22,240362719.02,153236878.26,Markets
1474,2025-10-22,292658915.12,272387557.13,Treasury
1475,2025-10-22,102272485.17,166153151.2,Operations
1476,2025-10-23,85830643.22,149610573.34,Retail Banking
1477,2025-10-23,106323255.88,99267668.15,Corporate Banking
1478,2025-10-23,142058086.34,139189946.67,Markets
1479,2025-10-23,278908968.26,114671965.73,Treasury
1480,2025-10-23,165627599.41,99220020.84,Operations
1481,2025-10-24,177575779.76,171984737.96,Retail Banking
1482,2025-10-24,174640573.61,188127281.68,Corporate Banking
1483,2025-10-24,137053571.52,192417054.66,Markets
1484,2025-10-24,230355605.84,206457327.62,Treasury
1485,2025-10-24,190177361.63,72937341.44,Operations
1486,2025-10-25,191179017.64,168973623.85,Retail Banking
1487,2025-10-25,132674009.85,83727085.58,Corporate Banking
1488,2025-10-25,95459026.49,217715799.52,Markets
1489,2025-10-25,295766226.91,126470985.48,Treasury
1490,2025-10-25,140642938.78,164797279.02,Operations
1491,2025-10-26,222047189.87,76985748.59,Retail Banking
1492,2025-10-26,120227632.35,212359838.45,Corporate Banking
1493,2025-10-26,81558143.53,102223856.45,Markets
1494,2025-10-26,364551164.87,235402013.62,Treasury
1495,2025-10-26,124484132.33,80718575.1,Operations
1496,2025-10-27,84792527.88,109159212.74,Retail Banking
1497,2025-10-27,229852589.33,136546184.69,Corporate Banking
1498,2025-10-27,202456672.76,216925605.66,Markets
1499,2025-10-27,224050317.71,140846131.11,Treasury
1500,2025-10-27,167910048.25,215293389.93,Operations
1501,2025-10-28,216743650.4,80532774.94,Retail Banking
1502,2025-10-28,197737376.01,161503603.59,Corporate Banking
1503,2025-10-28,234268739.98,89597026.7,Markets
1504,2025-10-28,256179208.87,294999643.35,Treasury
1505,2025-10-28,149704043.75,147119186.84,Operations
1506,2025-10-29,91978315.2,114502982.47,Retail Banking
1507,2025-10-29,135166130.36,221219591.8,Corporate Banking
1508,2025-10-29,128053451.29,143738997.64,Markets
1509,2025-10-29,291182628.01,134329075.42,Treasury
1510,2025-10-29,162695205.81,188166246.32,Operations
1511,2025-10-30,227365386.21,170201483.95,Retail Banking
1512,2025-10-30,193739097.6,90205355.61,Corporate Banking
1513,2025-10-30,240782004.53,91211852.4,Markets
1514,2025-10-30,317541598.98,157318856.08,Treasury
1515,2025-10-30,238710834.43,185193526.3,Operations
1516,2025-10-31,208148331.21,105049467.69,Retail Banking
1517,2025-10-31,155316796.03,168850111.13,Corporate Banking
1518,2025-10-31,210895515.1,86633500.15,Markets
1519,2025-10-31,365403155.7,297409430.2,Treasury
1520,2025-10-31,125959260.38,201641638.89,Operations
1521,2025-11-01,168115066.92,143889037.05,Retail Banking
1522,2025-11-01,133453797.99,162954973.86,Corporate Banking
1523,2025-11-01,204081150.01,135749264.79,Markets
1524,2025-11-01,280450894.22,254646094.34,Treasury
1525,2025-11-01,200890708.89,78314575.7,Operations
1526,2025-11-02,226157126.97,143320530.36,Retail Banking
1527,2025-11-02,124610733.89,108682321.2,Corporate Banking
1528,2025-11-02,162112399.18,211893046.32,Markets
1529,2025-11-02,216478633.33,265938567.28,Treasury
1530,2025-11-02,96459184.27,146169072.34,Operations
1531,2025-11-03,248586643.87,193270048.45,Retail Banking
1532,2025-11-03,115789843.03,150230635.79,Corporate Banking
1533,2025-11-03,119716209.82,135529748.36,Markets
1534,2025-11-03,318921426.05,270754358.63,Treasury
1535,2025-11-03,118777064.24,217555730.9,Operations
1536,2025-11-04,180736591.07,130787886.55,Retail Banking
1537,2025-11-04,165329048.73,166811400.55,Corporate Banking
1538,2025-11-04,175181390.41,147824805.69,Markets
1539,2025-11-04,248757865.04,137516267.94,Treasury
1540,2025-11-04,218164593.73,156681651.19,Operations
1541,2025-11-05,102283576.49,192585136.25,Retail Banking
1542,2025-11-05,238515476.32,221569103.88,Corporate Banking
1543,2025-11-05,142733014.51,91682699.77,Markets
1544,2025-11-05,252191904.79,123224467.37,Treasury
1545,2025-11-05,238777861.15,99372740.38,Operations
1546,2025-11-06,122970196.19,135061844.3,Retail Banking
1547,2025-11-06,145137959.66,197146062.78,Corporate Banking
1548,2025-11-06,157573859.49,97322921.6,Markets
1549,2025-11-06,188138523.35,212041398.28,Treasury
1550,2025-11-06,105067165.96,167864908.1,Operations
1551,2025-11-07,176177042.11,184352370.62,Retail Banking
1552,2025-11-07,239409784.61,215960729.78,Corporate Banking
1553,2025-11-07,240832855.07,109154495.52,Markets
1554,2025-11-07,153549153.19,165709980.91,Treasury
1555,2025-11-07,232164479.37,225528555.94,Operations
1556,2025-11-08,226085241.68,87602835.38,Retail Banking
1557,2025-11-08,241062759.67,137737284.38,Corporate Banking
1558,2025-11-08,81582749.43,140782998.52,Markets
1559,2025-11-08,131747638.27,219828654.34,Treasury
1560,2025-11-08,137554184.66,145749589.38,Operations
1561,2025-11-09,184238961.33,209008175.33,Retail Banking
1562,2025-11-09,192523268.0,139447818.96,Corporate Banking
1563,2025-11-09,219302735.12,214893142.01,Markets
1564,2025-11-09,150538791.44,217152986.97,Treasury
1565,2025-11-09,128367033.16,77529791.66,Operations
1566,2025-11-10,193652938.17,208043324.39,Retail Banking
1567,2025-11-10,107693451.26,199986185.22,Corporate Banking
1568,2025-11-10,225077274.7,216294470.83,Markets
1569,2025-11-10,187647697.72,300485486.6,Treasury
1570,2025-11-10,134512668.31,158374082.15,Operations
1571,2025-11-11,88586270.04,77020974.14,Retail Banking
1572,2025-11-11,202463446.16,141116796.48,Corporate Banking
1573,2025-11-11,123569703.81,100466159.36,Markets
1574,2025-11-11,290838140.17,98089945.86,Treasury
1575,2025-11-11,217001498.76,82679936.98,Operations
1576,2025-11-12,112553234.53,131797823.25,Retail Banking
1577,2025-11-12,162425985.75,126799218.53,Corporate Banking
1578,2025-11-12,134521068.05,224226561.93,Markets
1579,2025-11-12,283602818.72,103248982.0,Treasury
1580,2025-11-12,153129904.44,210001391.96,Operations
1581,2025-11-13,131247551.69,85129015.16,Retail Banking
1582,2025-11-13,208925411.17,166962213.11,Corporate Banking
1583,2025-11-13,176953126.33,78572249.54,Markets
1584,2025-11-13,155827247.5,237451064.75,Treasury
1585,2025-11-13,115330053.05,150651212.76,Operations
1586,2025-11-14,172629886.62,115361150.44,Retail Banking
1587,2025-11-14,241232276.44,204794257.09,Corporate Banking
1588,2025-11-14,202803496.3,82479018.63,Markets
1589,2025-11-14,147063154.92,208383021.47,Treasury
1590,2025-11-14,107321269.36,226522474.16,Operations
1591,2025-11-15,106948439.78,147994853.67,Retail Banking
1592,2025-11-15,141900579.66,172301827.43,Corporate Banking
1593,2025-11-15,101936189.51,138850628.49,Markets
1594,2025-11-15,190049783.37,296856341.53,Treasury
1595,2025-11-15,86899571.06,216196399.04,Operations
1596,2025-11-16,221609003.55,117611314.63,Retail Banking
1597,2025-11-16,214179411.3,74994169.65,Corporate Banking
1598,2025-11-16,244367143.55,154255190.81,Markets
1599,2025-11-16,197336661.65,179218639.62,Treasury
1600,2025-11-16,91288910.09,228295922.25,Operations
1601,2025-11-17,86679630.68,174785139.7,Retail Banking
1602,2025-11-17,155265107.71,221826594.91,Corporate Banking
1603,2025-11-17,121819955.85,155133891.83,Markets
1604,2025-11-17,243000833.19,255442083.47,Treasury
1605,2025-11-17,91561739.43,101006260.8,Operations
1606,2025-11-18,116476019.42,188104120.77,Retail Banking
1607,2025-11-18,112153578.38,161758682.22,Corporate Banking
1608,2025-11-18,116591449.49,207859992.01,Markets
1609,2025-11-18,360257290.89,214142426.39,Treasury
1610,2025-11-18,139892510.32,107449244.0,Operations
1611,2025-11-19,88462770.26,112960012.19,Retail Banking
1612,2025-11-19,191220082.59,155378709.01,Corporate Banking
1613,2025-11-19,240487017.31,133404362.0,Markets
1614,2025-11-19,296935152.29,207608295.43,Treasury
1615,2025-11-19,167137956.71,112843890.34,Operations
1616,2025-11-20,157341632.06,145325599.52,Retail Banking
1617,2025-11-20,200129228.7,220502399.87,Corporate Banking
1618,2025-11-20,135984617.17,76752074.97,Markets
1619,2025-11-20,246555257.0,219959338.4,Treasury
1620,2025-11-20,108634893.69,191674337.0,Operations
1621,2025-11-21,247437948.44,221323954.72,Retail Banking
1622,2025-11-21,113508026.6,210058118.38,Corporate Banking
1623,2025-11-21,199763918.19,142615450.21,Markets
1624,2025-11-21,257855803.55,288310439.2,Treasury
1625,2025-11-21,161622939.74,129713179.06,Operations
1626,2025-11-22,163852073.81,162660768.65,Retail Banking
1627,2025-11-22,112143201.14,214145236.84,Corporate Banking
1628,2025-11-22,194611781.3,171323026.77,Markets
1629,2025-11-22,145371537.68,233334962.15,Treasury
1630,2025-11-22,100563312.58,82591628.03,Operations
1631,2025-11-23,169642852.26,134445685.45,Retail Banking
1632,2025-11-23,180097745.93,84275546.89,Corporate Banking
1633,2025-11-23,153267120.68,97965874.41,Markets
1634,2025-11-23,371710521.91,223697647.59,Treasury
1635,2025-11-23,196864266.36,122066924.91,Operations
1636,2025-11-24,96105615.51,226139338.05,Retail Banking
1637,2025-11-24,128664036.02,137809309.63,Corporate Banking
1638,2025-11-24,190476866.69,73951567.63,Markets
1639,2025-11-24,326616078.28,218193514.57,Treasury
1640,2025-11-24,127296921.8,79857277.65,Operations
1641,2025-11-25,107624730.63,213205417.42,Retail Banking
1642,2025-11-25,196624118.07,109984275.46,Corporate Banking
1643,2025-11-25,91152130.04,180498449.98,Markets
1644,2025-11-25,265963970.12,188612373.48,Treasury
1645,2025-11-25,141813946.36,104690284.15,Operations
1646,2025-11-26,193833913.61,225306884.45,Retail Banking
1647,2025-11-26,109871591.79,165538659.2,Corporate Banking
1648,2025-11-26,152111459.48,141470195.48,Markets
1649,2025-11-26,184807556.43,282830212.15,Treasury
1650,2025-11-26,162493452.71,156944936.35,Operations
1651,2025-11-27,131809355.18,99089354.51,Retail Banking
1652,2025-11-27,94604765.99,184259062.55,Corporate Banking
1653,2025-11-27,113359827.89,180412056.67,Markets
1654,2025-11-27,219545993.74,191133555.42,Treasury
1655,2025-11-27,159760174.34,128833361.3,Operations
1656,2025-11-28,97105396.13,119541089.6,Retail Banking
1657,2025-11-28,192834841.32,176525504.24,Corporate Banking
1658,2025-11-28,128658132.23,143616420.25,Markets
1659,2025-11-28,169329043.14,145123346.26,Treasury
1660,2025-11-28,83918005.03,213479447.99,Operations
1661,2025-11-29,115820133.06,106405420.31,Retail Banking
1662,2025-11-29,127532243.55,90385291.47,Corporate Banking
1663,2025-11-29,188674690.14,82022872.51,Markets
1664,2025-11-29,154221618.71,242425506.76,Treasury
1665,2025-11-29,137742305.48,183271652.27,Operations
1666,2025-11-30,174762206.59,110963387.69,Retail Banking
1667,2025-11-30,190640751.58,88603788.85,Corporate Banking
1668,2025-11-30,171189765.12,139943696.81,Markets
1669,2025-11-30,188307763.62,233297119.49,Treasury
1670,2025-11-30,228126710.7,229824751.96,Operations
1671,2025-12-01,183319670.69,134752939.89,Retail Banking
1672,2025-12-01,118285207.04,111135374.3,Corporate Banking
1673,2025-12-01,161507346.29,128764432.2,Markets
1674,2025-12-01,353022703.27,180498184.75,Treasury
1675,2025-12-01,143485580.49,131365521.99,Operations
1676,2025-12-02,222225435.76,174126131.34,Retail Banking
1677,2025-12-02,184408704.55,123462883.58,Corporate Banking
1678,2025-12-02,219043710.06,76138217.82,Markets
1679,2025-12-02,342053278.95,212855977.55,Treasury
1680,2025-12-02,147702539.93,149546764.91,Operations
1681,2025-12-03,193460640.19,72042468.24,Retail Banking
1682,2025-12-03,228163815.6,141478324.05,Corporate Banking
1683,2025-12-03,138304308.35,92119290.5,Markets
1684,2025-12-03,232063670.46,209176300.77,Treasury
1685,2025-12-03,148619938.06,178585615.01,Operations
1686,2025-12-04,151552409.89,223826812.46,Retail Banking
1687,2025-12-04,181877178.03,199196469.7,Corporate Banking
1688,2025-12-04,98590503.53,133566606.87,Markets
1689,2025-12-04,205896163.87,225564054.94,Treasury
1690,2025-12-04,226389298.41,82534114.84,Operations
1691,2025-12-05,92337715.67,206050833.31,Retail Banking
1692,2025-12-05,116184514.63,177000520.71,Corporate Banking
1693,2025-12-05,172289282.5,203262975.18,Markets
1694,2025-12-05,151897672.01,127071384.32,Treasury
1695,2025-12-05,174659121.25,221420584.54,Operations
1696,2025-12-06,150549618.92,122310736.04,Retail Banking
1697,2025-12-06,183137184.94,218871776.09,Corporate Banking
1698,2025-12-06,222277731.58,229277377.72,Markets
1699,2025-12-06,125754988.72,123280224.42,Treasury
1700,2025-12-06,183609519.77,201292230.29,Operations
1701,2025-12-07,128491538.19,108273774.09,Retail Banking
1702,2025-12-07,213785885.89,79021096.62,Corporate Banking
1703,2025-12-07,142795050.09,150929475.61,Markets
1704,2025-12-07,262888911.96,261209795.12,Treasury
1705,2025-12-07,140323772.98,168029495.15,Operations
1706,2025-12-08,179513821.87,157618576.1,Retail Banking
1707,2025-12-08,188882159.83,111511867.37,Corporate Banking
1708,2025-12-08,94390288.11,89083467.53,Markets
1709,2025-12-08,177268507.58,210044337.56,Treasury
1710,2025-12-08,222875267.59,182206934.73,Operations
1711,2025-12-09,214136902.71,126156099.83,Retail Banking
1712,2025-12-09,148791136.08,132989101.76,Corporate Banking
1713,2025-12-09,112618441.35,79794665.3,Markets
1714,2025-12-09,270683603.67,319584537.09,Treasury
1715,2025-12-09,108361049.84,77469571.18,Operations
1716,2025-12-10,212520385.91,110413761.07,Retail Banking
1717,2025-12-10,221039446.91,182629866.73,Corporate Banking
1718,2025-12-10,240764501.3,135428357.72,Markets
1719,2025-12-10,288802309.06,202127470.9,Treasury
1720,2025-12-10,187200078.54,141935824.96,Operations
1721,2025-12-11,112067481.89,151263586.56,Retail Banking
1722,2025-12-11,169859314.24,199696615.72,Corporate Banking
1723,2025-12-11,205038519.98,176206659.83,Markets
1724,2025-12-11,148913709.37,259418049.11,Treasury
1725,2025-12-11,165051876.58,213055925.78,Operations
1726,2025-12-12,236378058.8,78825054.5,Retail Banking
1727,2025-12-12,219509065.26,76031582.47,Corporate Banking
1728,2025-12-12,142418836.37,156767996.1,Markets
1729,2025-12-12,157765703.65,265174294.02,Treasury
1730,2025-12-12,81420299.71,96975847.75,Operations
1731,2025-12-13,178735461.08,184302009.93,Retail Banking
1732,2025-12-13,235829327.46,182879464.31,Corporate Banking
1733,2025-12-13,194202475.94,133094583.42,Markets
1734,2025-12-13,120327528.51,124915673.96,Treasury
1735,2025-12-13,170874272.61,178020781.74,Operations
1736,2025-12-14,150966208.26,186908641.84,Retail Banking
1737,2025-12-14,168716590.21,81868191.3,Corporate Banking
1738,2025-12-14,112642762.66,204399715.72,Markets
1739,2025-12-14,304852750.39,298426685.09,Treasury
1740,2025-12-14,99984732.35,228435605.54,Operations
1741,2025-12-15,115599141.37,71884780.21,Retail Banking
1742,2025-12-15,249561899.64,114971821.67,Corporate Banking
1743,2025-12-15,193563306.93,98269170.27,Markets
1744,2025-12-15,267958275.71,300503836.97,Treasury
1745,2025-12-15,134430798.46,177240636.17,Operations
1746,2025-12-16,111943610.1,169967263.79,Retail Banking
1747,2025-12-16,137196559.81,103793321.37,Corporate Banking
1748,2025-12-16,133240948.62,98614570.96,Markets
1749,2025-12-16,349988607.5,186969862.54,Treasury
1750,2025-12-16,121697481.85,141745254.56,Operations
1751,2025-12-17,134491148.36,189107080.61,Retail Banking
1752,2025-12-17,245107385.02,140085385.07,Corporate Banking
1753,2025-12-17,226375678.0,160538091.77,Markets
1754,2025-12-17,160095094.6,252699494.23,Treasury
1755,2025-12-17,167283864.51,174097043.72,Operations
1756,2025-12-18,231246860.14,140469531.3,Retail Banking
1757,2025-12-18,233200195.95,190107042.29,Corporate Banking
1758,2025-12-18,163062837.4,166515541.71,Markets
1759,2025-12-18,203023188.79,318325795.14,Treasury
1760,2025-12-18,193449697.72,77015496.4,Operations
1761,2025-12-19,135525723.98,169730309.4,Retail Banking
1762,2025-12-19,89576657.23,73821470.61,Corporate Banking
1763,2025-12-19,156504120.72,123230428.75,Markets
1764,2025-12-19,231766145.05,156843301.41,Treasury
1765,2025-12-19,108002016.98,180262937.12,Operations
1766,2025-12-20,167477089.77,102024673.8,Retail Banking
1767,2025-12-20,134330202.46,164689265.23,Corporate Banking
1768,2025-12-20,92278989.21,93592481.48,Markets
1769,2025-12-20,138677629.05,279959082.53,Treasury
1770,2025-12-20,207909569.65,190530069.1,Operations
1771,2025-12-21,201775308.39,177101667.79,Retail Banking
1772,2025-12-21,161088625.61,172764506.16,Corporate Banking
1773,2025-12-21,86521464.31,169434307.63,Markets
1774,2025-12-21,318358814.91,210080272.73,Treasury
1775,2025-12-21,140777265.83,114388277.57,Operations
1776,2025-12-22,189276348.53,180848191.78,Retail Banking
1777,2025-12-22,228064491.98,124773453.19,Corporate Banking
1778,2025-12-22,210861292.26,159816931.87,Markets
1779,2025-12-22,345123305.12,216229912.26,Treasury
1780,2025-12-22,167997070.83,162460333.03,Operations
1781,2025-12-23,207383610.37,224350476.61,Retail Banking
1782,2025-12-23,92505770.22,78549536.38,Corporate Banking
1783,2025-12-23,239383557.36,154780100.08,Markets
1784,2025-12-23,276800268.71,206062886.76,Treasury
1785,2025-12-23,95921766.94,192894300.55,Operations
1786,2025-12-24,207028189.67,119872531.44,Retail Banking
1787,2025-12-24,132060671.69,204054620.94,Corporate Banking
1788,2025-12-24,92300733.82,210976823.74,Markets
1789,2025-12-24,185448730.92,230828583.5,Treasury
1790,2025-12-24,239119010.43,178499600.25,Operations
1791,2025-12-25,150453068.12,180325473.42,Retail Banking
1792,2025-12-25,138476538.17,114361346.62,Corporate Banking
1793,2025-12-25,249436157.25,190126436.99,Markets
1794,2025-12-25,284403594.23,177584880.08,Treasury
1795,2025-12-25,88357340.96,74969100.17,Operations
1796,2025-12-26,174210813.43,191925235.37,Retail Banking
1797,2025-12-26,171354462.38,204525611.51,Corporate Banking
1798,2025-12-26,85682510.63,128680332.23,Markets
1799,2025-12-26,180452949.75,198189144.87,Treasury
1800,2025-12-26,92303986.84,222661062.65,Operations
1801,2025-12-27,117953418.18,217569244.08,Retail Banking
1802,2025-12-27,152401836.36,227683861.32,Corporate Banking
1803,2025-12-27,174189925.19,218933258.27,Markets
1804,2025-12-27,121363992.12,265605492.58,Treasury
1805,2025-12-27,233518611.03,92355290.72,Operations
1806,2025-12-28,96341394.79,137931617.15,Retail Banking
1807,2025-12-28,238725414.04,156781849.63,Corporate Banking
1808,2025-12-28,169667598.83,92580178.93,Markets
1809,2025-12-28,120201325.33,279471380.33,Treasury
1810,2025-12-28,94887675.71,171415971.0,Operations
1811,2025-12-29,235484797.27,103384306.11,Retail Banking
1812,2025-12-29,193096382.16,82591772.27,Corporate Banking
1813,2025-12-29,182638374.45,96229075.35,Markets
1814,2025-12-29,307668157.93,165475810.03,Treasury
1815,2025-12-29,158776471.5,165908886.72,Operations
1816,2025-12-30,109116479.81,188662050.98,Retail Banking
1817,2025-12-30,131448857.91,175979497.59,Corporate Banking
1818,2025-12-30,106908118.62,180098825.47,Markets
1819,2025-12-30,152687958.57,193279855.16,Treasury
1820,2025-12-30,122025032.54,189740039.91,Operations
1821,2025-12-31,124545950.77,211074769.02,Retail Banking
1822,2025-12-31,231609435.94,101430610.44,Corporate Banking
1823,2025-12-31,184353810.65,84034822.68,Markets
1824,2025-12-31,219841960.4,257784067.41,Treasury
1825,2025-12-31,192101951.96,169952107.11,Operations
