date,available_stable_funding,required_stable_funding,nsfr,status
2025-01-01,55905094018.91,55944927730.79,99.93,Breach
2025-01-02,55905094018.91,55233632674.32,101.22,Compliant
2025-01-03,55905094018.91,55147740628.61,101.37,Compliant
2025-01-04,55905094018.91,55342237868.16,101.02,Compliant
2025-01-05,55905094018.91,55604663749.4,100.54,Compliant
2025-01-06,55905094018.91,55173322925.98,101.33,Compliant
2025-01-07,55905094018.91,55388859732.0,100.93,Compliant
2025-01-08,55905094018.91,55134123966.94,101.4,Compliant
2025-01-09,55905094018.91,55905444945.14,100.0,Breach
2025-01-10,55905094018.91,55711035258.55,100.35,Compliant
2025-01-11,55905094018.91,55544431849.43,100.65,Compliant
2025-01-12,55905094018.91,55314078531.14,101.07,Compliant
2025-01-13,55905094018.91,55286104312.73,101.12,Compliant
2025-01-14,55905094018.91,55537778626.66,100.66,Compliant
2025-01-15,55905094018.91,55466537527.97,100.79,Compliant
2025-01-16,55905094018.91,56175114232.13,99.52,Breach
2025-01-17,55905094018.91,55167166885.4,101.34,Compliant
2025-01-18,55905094018.91,56093561908.7,99.66,Breach
2025-01-19,55905094018.91,56199804385.74,99.48,Breach
2025-01-20,55905094018.91,55276471156.08,101.14,Compliant
2025-01-21,55905094018.91,56286658825.81,99.32,Breach
2025-01-22,55905094018.91,56136394302.04,99.59,Breach
2025-01-23,55905094018.91,55842307492.42,100.11,Compliant
2025-01-24,55905094018.91,55419762531.47,100.88,Compliant
2025-01-25,55905094018.91,56315603930.09,99.27,Breach
2025-01-26,55905094018.91,56070450895.71,99.71,Breach
2025-01-27,55905094018.91,56338414436.86,99.23,Breach
2025-01-28,55905094018.91,56286248716.89,99.32,Breach
2025-01-29,55905094018.91,56230259708.77,99.42,Breach
2025-01-30,55905094018.91,55463099760.28,100.8,Compliant
2025-01-31,55905094018.91,55309544776.89,101.08,Compliant
2025-02-01,55905094018.91,55588866483.07,100.57,Compliant
2025-02-02,55905094018.91,55923135135.04,99.97,Breach
2025-02-03,55905094018.91,56503715313.09,98.94,Breach
2025-02-04,55905094018.91,55584726798.01,100.58,Compliant
2025-02-05,55905094018.91,55927879663.02,99.96,Breach
2025-02-06,55905094018.91,55505852525.9,100.72,Compliant
2025-02-07,55905094018.91,55641601591.74,100.47,Compliant
2025-02-08,55905094018.91,55825187405.92,100.14,Compliant
2025-02-09,55905094018.91,55964927306.86,99.89,Breach
2025-02-10,55905094018.91,55387606871.4,100.93,Compliant
2025-02-11,55905094018.91,55374342042.34,100.96,Compliant
2025-02-12,55905094018.91,56170307521.66,99.53,Breach
2025-02-13,55905094018.91,55599734496.92,100.55,Compliant
2025-02-14,55905094018.91,56427903602.7,99.07,Breach
2025-02-15,55905094018.91,55648350815.8,100.46,Compliant
2025-02-16,55905094018.91,55843259452.86,100.11,Compliant
2025-02-17,55905094018.91,56538157517.92,98.88,Breach
2025-02-18,55905094018.91,55613084426.86,100.53,Compliant
2025-02-19,55905094018.91,55469050975.71,100.79,Compliant
2025-02-20,55905094018.91,56307976897.79,99.28,Breach
2025-02-21,55905094018.91,55775800025.67,100.23,Compliant
2025-02-22,55905094018.91,56303722526.33,99.29,Breach
2025-02-23,55905094018.91,55945262243.66,99.93,Breach
2025-02-24,55905094018.91,56561844603.62,98.84,Breach
2025-02-25,55905094018.91,56107440111.36,99.64,Breach
2025-02-26,55905094018.91,55860845741.65,100.08,Compliant
2025-02-27,55905094018.91,55704211955.67,100.36,Compliant
2025-02-28,55905094018.91,55536225616.19,100.66,Compliant
2025-03-01,55905094018.91,56707081981.69,98.59,Breach
2025-03-02,55905094018.91,56528988241.86,98.9,Breach
2025-03-03,55905094018.91,56139215016.38,99.58,Breach
2025-03-04,55905094018.91,56257551348.79,99.37,Breach
2025-03-05,55905094018.91,56200194315.63,99.47,Breach
2025-03-06,55905094018.91,56043154501.84,99.75,Breach
2025-03-07,55905094018.91,56579613928.15,98.81,Breach
2025-03-08,55905094018.91,56572307530.28,98.82,Breach
2025-03-09,55905094018.91,56730428707.65,98.55,Breach
2025-03-10,55905094018.91,56269718058.29,99.35,Breach
2025-03-11,55905094018.91,56238804946.59,99.41,Breach
2025-03-12,55905094018.91,55746025179.33,100.29,Compliant
2025-03-13,55905094018.91,55934860560.07,99.95,Breach
2025-03-14,55905094018.91,56286527288.97,99.32,Breach
2025-03-15,55905094018.91,56773134410.27,98.47,Breach
2025-03-16,55905094018.91,56160222363.0,99.55,Breach
2025-03-17,55905094018.91,56861323426.16,98.32,Breach
2025-03-18,55905094018.91,55809173668.52,100.17,Compliant
2025-03-19,55905094018.91,56516475071.94,98.92,Breach
2025-03-20,55905094018.91,56284281776.61,99.33,Breach
2025-03-21,55905094018.91,56659914799.49,98.67,Breach
2025-03-22,55905094018.91,56296871026.15,99.3,Breach
2025-03-23,55905094018.91,56332258590.79,99.24,Breach
2025-03-24,55905094018.91,56545160318.84,98.87,Breach
2025-03-25,55905094018.91,56420607379.25,99.09,Breach
2025-03-26,55905094018.91,55777153698.35,100.23,Compliant
2025-03-27,55905094018.91,56467784778.36,99.0,Breach
2025-03-28,55905094018.91,56364911435.84,99.18,Breach
2025-03-29,55905094018.91,56171727966.1,99.53,Breach
2025-03-30,55905094018.91,55855198332.54,100.09,Compliant
2025-03-31,55905094018.91,55772880592.89,100.24,Compliant
2025-04-01,55905094018.91,56567084969.91,98.83,Breach
2025-04-02,55905094018.91,56728778409.87,98.55,Breach
2025-04-03,55905094018.91,57036473489.73,98.02,Breach
2025-04-04,55905094018.91,56781221994.17,98.46,Breach
2025-04-05,55905094018.91,56726970438.63,98.55,Breach
2025-04-06,55905094018.91,56969910456.04,98.13,Breach
2025-04-07,55905094018.91,56330666450.28,99.24,Breach
2025-04-08,55905094018.91,55952980451.88,99.91,Breach
2025-04-09,55905094018.91,56609451439.95,98.76,Breach
2025-04-10,55905094018.91,56271778650.32,99.35,Breach
2025-04-11,55905094018.91,56013973958.28,99.81,Breach
2025-04-12,55905094018.91,56580313016.31,98.81,Breach
2025-04-13,55905094018.91,56019573827.46,99.8,Breach
2025-04-14,55905094018.91,56012704317.86,99.81,Breach
2025-04-15,55905094018.91,55968206317.98,99.89,Breach
2025-04-16,55905094018.91,56361261747.57,99.19,Breach
2025-04-17,55905094018.91,56800540114.18,98.42,Breach
2025-04-18,55905094018.91,57013098472.2,98.06,Breach
2025-04-19,55905094018.91,56003308257.74,99.82,Breach
2025-04-20,55905094018.91,56707486083.33,98.59,Breach
2025-04-21,55905094018.91,56293366041.65,99.31,Breach
2025-04-22,55905094018.91,57132349993.94,97.85,Breach
2025-04-23,55905094018.91,56055403857.8,99.73,Breach
2025-04-24,55905094018.91,56618673403.07,98.74,Breach
2025-04-25,55905094018.91,56800655032.92,98.42,Breach
2025-04-26,55905094018.91,56285227180.18,99.32,Breach
2025-04-27,55905094018.91,56418846469.92,99.09,Breach
2025-04-28,55905094018.91,56403293515.66,99.12,Breach
2025-04-29,55905094018.91,56420795005.43,99.09,Breach
2025-04-30,55905094018.91,56301659242.4,99.3,Breach
2025-05-01,55905094018.91,57089067960.76,97.93,Breach
2025-05-02,55905094018.91,56142422569.21,99.58,Breach
2025-05-03,55905094018.91,57139697452.95,97.84,Breach
2025-05-04,55905094018.91,56677163374.26,98.64,Breach
2025-05-05,55905094018.91,56984854223.82,98.11,Breach
2025-05-06,55905094018.91,56377348425.54,99.16,Breach
2025-05-07,55905094018.91,56355295433.68,99.2,Breach
2025-05-08,55905094018.91,56547211684.02,98.86,Breach
2025-05-09,55905094018.91,56796962101.29,98.43,Breach
2025-05-10,55905094018.91,56791938041.69,98.44,Breach
2025-05-11,55905094018.91,56989894960.46,98.1,Breach
2025-05-12,55905094018.91,56202912481.46,99.47,Breach
2025-05-13,55905094018.91,57183426340.67,97.76,Breach
2025-05-14,55905094018.91,57001075728.61,98.08,Breach
2025-05-15,55905094018.91,56621042149.38,98.74,Breach
2025-05-16,55905094018.91,56569402626.33,98.83,Breach
2025-05-17,55905094018.91,56393677878.46,99.13,Breach
2025-05-18,55905094018.91,56705924610.46,98.59,Breach
2025-05-19,55905094018.91,56368575347.41,99.18,Breach
2025-05-20,55905094018.91,56703948129.49,98.59,Breach
2025-05-21,55905094018.91,56324747114.72,99.25,Breach
2025-05-22,55905094018.91,56312253306.23,99.28,Breach
2025-05-23,55905094018.91,57175183544.28,97.78,Breach
2025-05-24,55905094018.91,56453907040.66,99.03,Breach
2025-05-25,55905094018.91,56714683538.76,98.57,Breach
2025-05-26,55905094018.91,56611909677.27,98.75,Breach
2025-05-27,55905094018.91,56515556148.93,98.92,Breach
2025-05-28,55905094018.91,56596046532.04,98.78,Breach
2025-05-29,55905094018.91,56388777936.22,99.14,Breach
2025-05-30,55905094018.91,57034339300.47,98.02,Breach
2025-05-31,55905094018.91,56982329335.88,98.11,Breach
2025-06-01,55905094018.91,56402029806.58,99.12,Breach
2025-06-02,55905094018.91,56764881480.17,98.49,Breach
2025-06-03,55905094018.91,56668018347.71,98.65,Breach
2025-06-04,55905094018.91,56508692111.35,98.93,Breach
2025-06-05,55905094018.91,57393810900.16,97.41,Breach
2025-06-06,55905094018.91,56471077869.05,99.0,Breach
2025-06-07,55905094018.91,57385624841.77,97.42,Breach
2025-06-08,55905094018.91,57504637431.64,97.22,Breach
2025-06-09,55905094018.91,56643577136.4,98.7,Breach
2025-06-10,55905094018.91,56930681627.99,98.2,Breach
2025-06-11,55905094018.91,57015379474.35,98.05,Breach
2025-06-12,55905094018.91,57016077467.92,98.05,Breach
2025-06-13,55905094018.91,56508372795.71,98.93,Breach
2025-06-14,55905094018.91,56748204196.16,98.51,Breach
2025-06-15,55905094018.91,57089727095.44,97.92,Breach
2025-06-16,55905094018.91,57452230504.71,97.31,Breach
2025-06-17,55905094018.91,57297855701.06,97.57,Breach
2025-06-18,55905094018.91,57130142109.73,97.86,Breach
2025-06-19,55905094018.91,57409368746.32,97.38,Breach
2025-06-20,55905094018.91,57266562618.96,97.62,Breach
2025-06-21,55905094018.91,57494728198.01,97.24,Breach
2025-06-22,55905094018.91,56930192845.1,98.2,Breach
2025-06-23,55905094018.91,57026376026.6,98.03,Breach
2025-06-24,55905094018.91,57610358220.62,97.04,Breach
2025-06-25,55905094018.91,57526574940.56,97.18,Breach
2025-06-26,55905094018.91,57260696379.22,97.63,Breach
2025-06-27,55905094018.91,57442002922.73,97.32,Breach
2025-06-28,55905094018.91,56590077360.05,98.79,Breach
2025-06-29,55905094018.91,57552260204.21,97.14,Breach
2025-06-30,55905094018.91,57477134544.11,97.26,Breach
2025-07-01,55905094018.91,57379267911.8,97.43,Breach
2025-07-02,55905094018.91,56846100581.01,98.34,Breach
2025-07-03,55905094018.91,57746187442.56,96.81,Breach
2025-07-04,55905094018.91,56787393573.82,98.45,Breach
2025-07-05,55905094018.91,57309141835.04,97.55,Breach
2025-07-06,55905094018.91,57415616220.53,97.37,Breach
2025-07-07,55905094018.91,56809202362.5,98.41,Breach
2025-07-08,55905094018.91,57811402828.21,96.7,Breach
2025-07-09,55905094018.91,56709460211.81,98.58,Breach
2025-07-10,55905094018.91,57326121474.38,97.52,Breach
2025-07-11,55905094018.91,57073363481.48,97.95,Breach
2025-07-12,55905094018.91,57217403526.32,97.71,Breach
2025-07-13,55905094018.91,56982043700.03,98.11,Breach
2025-07-14,55905094018.91,56795211160.23,98.43,Breach
2025-07-15,55905094018.91,57087687889.99,97.93,Breach
2025-07-16,55905094018.91,56771554709.16,98.47,Breach
2025-07-17,55905094018.91,57883010513.77,96.58,Breach
2025-07-18,55905094018.91,56853675191.44,98.33,Breach
2025-07-19,55905094018.91,57785216007.24,96.75,Breach
2025-07-20,55905094018.91,57384734876.43,97.42,Breach
2025-07-21,55905094018.91,57221545769.63,97.7,Breach
2025-07-22,55905094018.91,56950761300.82,98.16,Breach
2025-07-23,55905094018.91,57777219427.87,96.76,Breach
2025-07-24,55905094018.91,56702154637.77,98.59,Breach
2025-07-25,55905094018.91,57616411706.04,97.03,Breach
2025-07-26,55905094018.91,56795931506.36,98.43,Breach
2025-07-27,55905094018.91,56911771391.97,98.23,Breach
2025-07-28,55905094018.91,57611919943.55,97.04,Breach
2025-07-29,55905094018.91,57230096390.94,97.68,Breach
2025-07-30,55905094018.91,56806260359.57,98.41,Breach
2025-07-31,55905094018.91,56787027234.1,98.45,Breach
2025-08-01,55905094018.91,57836408693.98,96.66,Breach
2025-08-02,55905094018.91,57253289944.1,97.65,Breach
2025-08-03,55905094018.91,57419792359.39,97.36,Breach
2025-08-04,55905094018.91,58040213943.45,96.32,Breach
2025-08-05,55905094018.91,57913677278.91,96.53,Breach
2025-08-06,55905094018.91,56899617215.42,98.25,Breach
2025-08-07,55905094018.91,56963303704.64,98.14,Breach
2025-08-08,55905094018.91,57516707031.65,97.2,Breach
2025-08-09,55905094018.91,57204358222.3,97.73,Breach
2025-08-10,55905094018.91,57831925028.45,96.67,Breach
2025-08-11,55905094018.91,57606759493.25,97.05,Breach
2025-08-12,55905094018.91,58035863191.09,96.33,Breach
2025-08-13,55905094018.91,57052780667.17,97.99,Breach
2025-08-14,55905094018.91,57655690676.76,96.96,Breach
2025-08-15,55905094018.91,57749677255.62,96.81,Breach
2025-08-16,55905094018.91,57434084712.79,97.34,Breach
2025-08-17,55905094018.91,56913487978.95,98.23,Breach
2025-08-18,55905094018.91,57026803781.9,98.03,Breach
2025-08-19,55905094018.91,57113180929.58,97.88,Breach
2025-08-20,55905094018.91,57510883711.11,97.21,Breach
2025-08-21,55905094018.91,57973150141.21,96.43,Breach
2025-08-22,55905094018.91,57657980272.77,96.96,Breach
2025-08-23,55905094018.91,57200664287.24,97.74,Breach
2025-08-24,55905094018.91,57893977850.95,96.56,Breach
2025-08-25,55905094018.91,57338842312.97,97.5,Breach
2025-08-26,55905094018.91,58210989611.65,96.04,Breach
2025-08-27,55905094018.91,57233619485.72,97.68,Breach
2025-08-28,55905094018.91,57041652700.03,98.01,Breach
2025-08-29,55905094018.91,58060446493.26,96.29,Breach
2025-08-30,55905094018.91,58074050706.49,96.27,Breach
2025-08-31,55905094018.91,57106622817.21,97.9,Breach
2025-09-01,55905094018.91,57914219909.51,96.53,Breach
2025-09-02,55905094018.91,57496090181.25,97.23,Breach
2025-09-03,55905094018.91,57822011065.1,96.68,Breach
2025-09-04,55905094018.91,58234185115.59,96.0,Breach
2025-09-05,55905094018.91,57559652149.22,97.13,Breach
2025-09-06,55905094018.91,58257057656.89,95.96,Breach
2025-09-07,55905094018.91,57590432013.05,97.07,Breach
2025-09-08,55905094018.91,57503893478.11,97.22,Breach
2025-09-09,55905094018.91,57385566694.46,97.42,Breach
2025-09-10,55905094018.91,57579506687.65,97.09,Breach
2025-09-11,55905094018.91,58316926234.74,95.86,Breach
2025-09-12,55905094018.91,58344702796.53,95.82,Breach
2025-09-13,55905094018.91,57343305123.32,97.49,Breach
2025-09-14,55905094018.91,57898812081.91,96.56,Breach
2025-09-15,55905094018.91,57395768055.43,97.4,Breach
2025-09-16,55905094018.91,57209328285.14,97.72,Breach
2025-09-17,55905094018.91,58359500174.31,95.79,Breach
2025-09-18,55905094018.91,58111258128.97,96.2,Breach
2025-09-19,55905094018.91,57424873903.31,97.35,Breach
2025-09-20,55905094018.91,57378201307.92,97.43,Breach
2025-09-21,55905094018.91,57460031062.19,97.29,Breach
2025-09-22,55905094018.91,58030120548.46,96.34,Breach
2025-09-23,55905094018.91,57724502794.53,96.85,Breach
2025-09-24,55905094018.91,57326173451.96,97.52,Breach
2025-09-25,55905094018.91,57419583334.05,97.36,Breach
2025-09-26,55905094018.91,58389437398.69,95.75,Breach
2025-09-27,55905094018.91,57931485263.29,96.5,Breach
2025-09-28,55905094018.91,58359072572.83,95.8,Breach
2025-09-29,55905094018.91,58356690655.94,95.8,Breach
2025-09-30,55905094018.91,57539101611.36,97.16,Breach
2025-10-01,55905094018.91,57342599981.38,97.49,Breach
2025-10-02,55905094018.91,57560976271.1,97.12,Breach
2025-10-03,55905094018.91,57888606310.68,96.57,Breach
2025-10-04,55905094018.91,58089791927.66,96.24,Breach
2025-10-05,55905094018.91,58002797337.77,96.38,Breach
2025-10-06,55905094018.91,58543024719.14,95.49,Breach
2025-10-07,55905094018.91,58571772530.18,95.45,Breach
2025-10-08,55905094018.91,57706400927.12,96.88,Breach
2025-10-09,55905094018.91,58066106406.96,96.28,Breach
2025-10-10,55905094018.91,58280539722.93,95.92,Breach
2025-10-11,55905094018.91,57769971606.74,96.77,Breach
2025-10-12,55905094018.91,57692075602.52,96.9,Breach
2025-10-13,55905094018.91,58023687738.16,96.35,Breach
2025-10-14,55905094018.91,57446872119.53,97.32,Breach
2025-10-15,55905094018.91,57761299584.18,96.79,Breach
2025-10-16,55905094018.91,57971214672.73,96.44,Breach
2025-10-17,55905094018.91,57749239652.22,96.81,Breach
2025-10-18,55905094018.91,57681888230.27,96.92,Breach
2025-10-19,55905094018.91,57915656871.41,96.53,Breach
2025-10-20,55905094018.91,58412357348.41,95.71,Breach
2025-10-21,55905094018.91,58245602194.54,95.98,Breach
2025-10-22,55905094018.91,58448994419.72,95.65,Breach
2025-10-23,55905094018.91,57656985946.52,96.96,Breach
2025-10-24,55905094018.91,57551422130.3,97.14,Breach
2025-10-25,55905094018.91,58400419185.11,95.73,Breach
2025-10-26,55905094018.91,58213341348.59,96.03,Breach
2025-10-27,55905094018.91,58465233759.46,95.62,Breach
2025-10-28,55905094018.91,57749637201.9,96.81,Breach
2025-10-29,55905094018.91,58122969592.86,96.18,Breach
2025-10-30,55905094018.91,57903449089.97,96.55,Breach
2025-10-31,55905094018.91,57964586447.89,96.45,Breach
2025-11-01,55905094018.91,58192068254.09,96.07,Breach
2025-11-02,55905094018.91,57775942926.49,96.76,Breach
2025-11-03,55905094018.91,57652700922.38,96.97,Breach
2025-11-04,55905094018.91,58285359207.04,95.92,Breach
2025-11-05,55905094018.91,58048597450.59,96.31,Breach
2025-11-06,55905094018.91,58714926756.47,95.21,Breach
2025-11-07,55905094018.91,58328031029.61,95.85,Breach
2025-11-08,55905094018.91,57633940428.48,97.0,Breach
2025-11-09,55905094018.91,58818674968.74,95.05,Breach
2025-11-10,55905094018.91,58605759607.24,95.39,Breach
2025-11-11,55905094018.91,57988356476.53,96.41,Breach
2025-11-12,55905094018.91,58454030626.52,95.64,Breach
2025-11-13,55905094018.91,58699689768.33,95.24,Breach
2025-11-14,55905094018.91,58107366054.07,96.21,Breach
2025-11-15,55905094018.91,58214292661.77,96.03,Breach
2025-11-16,55905094018.91,58793873919.85,95.09,Breach
2025-11-17,55905094018.91,58839716230.55,95.01,Breach
2025-11-18,55905094018.91,58402722365.75,95.72,Breach
2025-11-19,55905094018.91,57919399840.92,96.52,Breach
2025-11-20,55905094018.91,57927484922.34,96.51,Breach
2025-11-21,55905094018.91,58274169056.7,95.93,Breach
2025-11-22,55905094018.91,58442149088.86,95.66,Breach
2025-11-23,55905094018.91,58621863835.34,95.37,Breach
2025-11-24,55905094018.91,58342449402.03,95.82,Breach
2025-11-25,55905094018.91,58145440586.23,96.15,Breach
2025-11-26,55905094018.91,57997129772.01,96.39,Breach
2025-11-27,55905094018.91,57771962030.79,96.77,Breach
2025-11-28,55905094018.91,58327181349.68,95.85,Breach
2025-11-29,55905094018.91,58077709937.66,96.26,Breach
2025-11-30,55905094018.91,57878527223.0,96.59,Breach
2025-12-01,55905094018.91,58215204580.29,96.03,Breach
2025-12-02,55905094018.91,57977401217.41,96.43,Breach
2025-12-03,55905094018.91,58404247894.32,95.72,Breach
2025-12-04,55905094018.91,58656714303.04,95.31,Breach
2025-12-05,55905094018.91,58128566466.65,96.17,Breach
2025-12-06,55905094018.91,57902205523.77,96.55,Breach
2025-12-07,55905094018.91,58681425164.77,95.27,Breach
2025-12-08,55905094018.91,58704082023.47,95.23,Breach
2025-12-09,55905094018.91,57892209275.9,96.57,Breach
2025-12-10,55905094018.91,58750092068.95,95.16,Breach
2025-12-11,55905094018.91,58063793122.74,96.28,Breach
2025-12-12,55905094018.91,57893741016.13,96.57,Breach
2025-12-13,55905094018.91,58614902375.88,95.38,Breach
2025-12-14,55905094018.91,58413613439.92,95.71,Breach
2025-12-15,55905094018.91,58926269902.81,94.87,Breach
2025-12-16,55905094018.91,58084478230.22,96.25,Breach
2025-12-17,55905094018.91,58348311496.83,95.81,Breach
2025-12-18,55905094018.91,58412488277.47,95.71,Breach
2025-12-19,55905094018.91,58784399408.91,95.1,Breach
2025-12-20,55905094018.91,59069931855.77,94.64,Breach
2025-12-21,55905094018.91,58616160259.92,95.37,Breach
2025-12-22,55905094018.91,58851071469.19,94.99,Breach
2025-12-23,55905094018.91,58305204547.92,95.88,Breach
2025-12-24,55905094018.91,59166817646.46,94.49,Breach
2025-12-25,55905094018.91,58271113840.86,95.94,Breach
2025-12-26,55905094018.91,58660651799.17,95.3,Breach
2025-12-27,55905094018.91,58476487975.87,95.6,Breach
2025-12-28,55905094018.91,58905357740.54,94.91,Breach
2025-12-29,55905094018.91,58698507272.21,95.24,Breach
2025-12-30,55905094018.91,58626066644.84,95.36,Breach
2025-12-31,55905094018.91,59223563118.88,94.4,Breach
