Date,Assets,Liabilities,Deposits,Loans,Capital,Total_Assets,Total_Liabilities
2025-01-01,23020364597.0,39197179690.04,38768557663.15,51809358777.92,7068039209.21,85033776562.4,77965737353.19
2025-01-02,24970602148.16,40732878476.32,35997644261.55,49832344116.06,8272825289.65,85003348027.52,76730522737.87
2025-01-03,25469769244.8,36194804819.16,40710085837.91,49447170850.08,8227995814.38,85132886471.45,76904890657.07
2025-01-04,24804409571.9,41304804448.91,36666276875.2,50075173722.29,7119354237.47,85090435561.58,77971081324.11
2025-01-05,24050457519.96,40006304085.27,37214777721.83,50808901502.37,7846371627.37,85067453434.47,77221081807.1
2025-01-06,25006185190.55,40355719896.54,37160906342.32,49735424119.61,7417020704.51,84933646943.36,77516626238.86
2025-01-07,24872551361.33,38950859032.06,38402019944.07,50082473061.0,7823285140.15,85176164116.29,77352878976.14
2025-01-08,25364100457.98,39145633073.45,38832209325.78,49500929088.2,7096054812.34,85073897211.57,77977842399.23
2025-01-09,23190280866.81,40076571205.46,37972078570.07,51663536913.99,7012506793.56,85061156569.09,78048649775.53
2025-01-10,23842992967.93,40824309272.72,35915441523.02,51040532078.08,8355164029.27,85094914825.01,76739750795.74
2025-01-11,24492925132.92,39002232589.47,38435112650.62,50468495954.62,7746087813.93,85183433054.02,77437345240.09
2025-01-12,24888241452.47,36261792143.96,40672248819.76,49962123263.51,8123191668.09,85057232631.8,76934040963.71
2025-01-13,25259370888.53,41522635448.31,36787252811.86,49719458951.62,6893327467.27,85203215727.44,78309888260.17
2025-01-14,24444789204.71,40140054075.21,37760900607.57,50511325473.23,7276448360.34,85177403043.12,77900954682.78
2025-01-15,24587321757.11,39561059931.68,38534356509.48,50342193618.84,7051760122.41,85147176563.57,78095416441.17
2025-01-16,22843027136.85,40567280394.48,36191901703.48,52188531057.17,8503952213.42,85263134311.38,76759182097.96
2025-01-17,25528580699.97,37208511574.62,39932929465.25,49410432287.53,8016528264.11,85157969303.98,77141441039.87
2025-01-18,23091345440.2,38557479554.55,39753938426.32,51935997268.92,6946926006.77,85258343987.64,78311417980.87
2025-01-19,22611225206.83,38837279721.23,38957691032.11,52340516016.58,7377462455.08,85172433208.42,77794970753.34
2025-01-20,25349706252.38,40466223729.84,37383051532.24,49644970479.05,7371948296.35,85221223558.44,77849275262.09
2025-01-21,22565541829.57,40033987124.46,38247392186.4,52507479715.65,7028872445.06,85310251755.92,78281379310.86
2025-01-22,23172690027.68,37825339484.66,39747624748.08,51944087375.63,7787010089.2,85359974321.94,77572964232.75
2025-01-23,23800313405.21,40408085821.22,38004379023.52,51244382764.61,6865598984.61,85278063829.34,78412464844.73
2025-01-24,25251338144.71,41451795931.12,36028893702.28,49900350131.65,7918956135.2,85399645768.6,77480689633.4
2025-01-25,22496610775.96,40679845435.16,37107201392.78,52578160188.91,7525192904.87,85312239732.8,77787046827.93
2025-01-26,22980656097.16,41291258126.91,36946501052.07,51980907778.99,6945836134.83,85183595313.81,78237759178.98
2025-01-27,22411701422.19,37423150083.77,39950961163.39,52631638320.61,7902411187.85,85276522435.0,77374111247.15
2025-01-28,22619262488.6,38223056752.44,39943937005.42,52453652369.92,7143136763.18,85310130521.04,78166993757.86
2025-01-29,22852040403.71,37549267373.99,40442327360.68,52267928716.85,7372006538.69,85363601273.36,77991594734.67
2025-01-30,25254591191.06,40819577686.78,37051386387.55,49928752525.17,7564653785.03,85435617859.36,77870964074.33
2025-01-31,25597041642.68,39371208124.96,38486257158.79,49557278194.7,7545170895.09,85402636178.84,77857465283.75
2025-02-01,24865064735.3,41515482724.83,36487744388.42,50298376812.19,7409774645.26,85413001758.51,78003227113.25
2025-02-02,23846982586.57,38475314529.96,39468897655.95,51302406076.45,7452820385.7,85397032571.61,77944212185.91
2025-02-03,22312985457.45,37359460914.54,40822619499.47,52881452945.82,7266145044.26,85448225458.26,78182080414.0
2025-02-04,24618996851.13,41422764075.51,36016063982.44,50447663879.35,7864195499.41,85303023557.36,77438828057.95
2025-02-05,23915288869.47,41982133260.87,36150582169.86,51275824540.22,7311731625.74,85444447056.47,78132715430.73
2025-02-06,25138548813.52,38529259073.07,38396590638.73,50053860306.35,8520069742.59,85445919454.39,76925849711.8
2025-02-07,24819922523.81,37996133013.32,39354490217.74,50413262069.15,8141631988.22,85492255219.28,77350623231.06
2025-02-08,24403105438.64,38440142544.66,39171263449.31,50870589913.07,7926884178.43,85538290172.4,77611405993.97
2025-02-09,23799658268.43,40827580954.87,36345709514.65,51383503986.27,8262121183.56,85435411653.07,77173290469.52
2025-02-10,25493435623.58,38534216653.65,38915157589.1,49696090682.73,7993269287.14,85442643529.89,77449374242.75
2025-02-11,25588552607.19,39728331277.34,38529934744.63,49637580136.67,7225975732.42,85484241754.39,78258266021.97
2025-02-12,23276987249.51,39147411754.68,37877670490.74,51930684496.26,8438181102.05,85463263347.47,77025082245.41
2025-02-13,25203372090.63,40844688036.84,37695107595.68,50107427680.41,7040658652.77,85580454285.28,78539795632.52
2025-02-14,22886193482.2,39049169932.69,38810909045.11,52456167388.09,7756240192.97,85616319170.78,77860078977.81
2025-02-15,24819976778.41,40733403567.73,36383383138.47,50411268300.89,8373264520.29,85490051226.48,77116786706.19
2025-02-16,24520357026.75,39765561528.62,37747380042.58,50811314359.65,8091230458.8,85604172030.01,77512941571.2
2025-02-17,22622137812.62,36931376898.38,40532879478.73,52751986468.02,8188157578.17,85652413955.28,77464256377.11
2025-02-18,25116532156.18,37131959680.42,40550746725.87,50181335164.49,7883051912.64,85565758318.93,77682706406.29
2025-02-19,25660657355.55,41162413903.27,36490432848.93,49703020705.69,7987696499.21,85640543251.41,77652846752.2
2025-02-20,23492709863.06,40506535252.42,37175095518.1,51979938083.69,8082741896.24,85764372666.76,77681630770.51
2025-02-21,24891617672.65,39889147756.29,37659500673.22,50508956489.34,8133822209.11,85682470638.62,77548648429.51
2025-02-22,23463505947.62,39780427851.16,38929188994.87,51977582479.95,7018892730.76,85728509576.79,78709616846.03
2025-02-23,24450559784.24,41069961321.6,37359335368.0,50968801026.43,7274522413.43,85703819103.03,78429296689.61
2025-02-24,22647638952.41,38234907327.98,39231648763.99,52753627281.3,8216700991.79,85683257083.76,77466556091.97
2025-02-25,23993802999.53,39050521980.1,38971554335.49,51443711534.64,7702372018.69,85724448334.29,78022076315.59
2025-02-26,24763840900.25,41646088008.39,36142864256.18,50701919033.84,7967593115.08,85756545379.65,77788952264.57
2025-02-27,25093626996.39,36365741235.2,40814813082.54,50294620695.43,8487908968.42,85668463286.16,77180554317.74
2025-02-28,25664291051.09,37353268709.15,40778975692.49,49773096935.84,7592060128.96,85724304530.6,78132244401.64
2025-03-01,22422650259.54,36475861094.98,40997098867.5,53082055530.03,8327842071.11,85800802033.6,77472959962.48
2025-03-02,22794276347.99,40933419293.05,37626869578.09,52628251515.92,7147129156.03,85707418027.17,78560288871.14
2025-03-03,23794269972.25,36832437717.31,40795679997.66,51599501569.83,8046622673.76,85674740388.72,77628117714.96
2025-03-04,23610126743.11,37532347061.94,41099429650.12,51832623227.91,7098620982.28,85730397694.34,78631776712.05
2025-03-05,23964919512.03,37118051736.89,40559193338.08,51551139398.31,8136458232.24,85813703307.2,77677245074.96
2025-03-06,24531831515.28,40041518855.14,37586641944.0,51051058271.11,8261486685.4,85889647484.54,77628160799.14
2025-03-07,22986559699.21,36912337554.62,40547083570.57,52605799815.58,8440987414.35,85900408539.54,77459421125.19
2025-03-08,23020764393.16,38383613567.83,39417138318.42,52550576060.39,8075771356.42,85876523242.67,77800751886.25
2025-03-09,23093643957.51,37877345868.92,40767453601.0,52688643494.89,7471436271.45,86116235741.36,78644799469.92
2025-03-10,23759342724.72,41923061222.56,36227130094.77,51757371414.45,7664256568.08,85814447885.41,78150191317.33
2025-03-11,23895356020.42,40440992600.82,37538940064.57,51664652754.15,7883713669.35,85863646334.74,77979932665.4
2025-03-12,25321743888.44,38917563911.43,38751772808.77,50235415708.71,8191071912.93,85860408633.13,77669336720.2
2025-03-13,25051543969.14,39629545842.23,39324646603.5,50610238834.59,7025106194.87,85979298640.59,78954192445.73
2025-03-14,23918251115.75,38426697480.93,39372982187.68,51692315903.15,8121419216.5,85921098885.11,77799679668.62
2025-03-15,22413433864.13,39727876976.24,38732897263.69,53166634371.07,7425666936.42,85886441176.36,78460774239.94
2025-03-16,24261270118.84,42501340322.88,36481726499.96,51329408579.11,6915431697.55,85898498520.4,78983066822.85
2025-03-17,22492206713.68,37495463774.24,40440340948.74,53200302897.08,8078410743.79,86014215466.77,77935804722.98
2025-03-18,25228775245.07,40710694727.83,37362261945.49,50352119017.93,7814423170.99,85887379844.32,78072956673.33
2025-03-19,23330663026.08,39093250645.67,39507776178.14,52313260419.97,7357977092.15,85959003915.96,78601026823.81
2025-03-20,24395888040.99,41175786968.2,37458653888.91,51406261785.84,7504365764.29,86138806621.4,78634440857.11
2025-03-21,23213898632.54,42764566768.47,36226869502.31,52534264088.65,7086021366.94,86077457637.72,78991436270.78
2025-03-22,24182944187.85,41673898345.99,36646194309.28,51541213966.73,7730087065.84,86050179721.11,78320092655.27
2025-03-23,24195266787.97,41401137088.46,37050487944.69,51559907313.78,7633800082.49,86085425115.63,78451625033.15
2025-03-24,23658253244.54,42198551614.09,36419925772.7,52159470247.89,7538026581.87,86156503968.67,78618477386.8
2025-03-25,23636318337.63,38912999954.67,38698625929.34,52009362002.31,8349374502.29,85961000386.3,77611625884.01
2025-03-26,25558508714.85,39641479416.19,39436835691.07,50125237807.47,6925942304.46,86004257411.73,79078315107.27
2025-03-27,23816785289.2,37208359953.96,41026458071.28,51964566982.7,7880355011.01,86115173036.25,78234818025.24
2025-03-28,24281169056.33,38656934937.82,39027899052.55,51578658189.95,8519515153.12,86204349143.5,77684833990.38
2025-03-29,24478943174.08,36493692446.28,41091722614.4,51223125946.47,8439663485.41,86025078546.08,77585415060.67
2025-03-30,25597041473.46,39966368982.15,37827879970.27,50207133079.9,8346858494.59,86141107447.01,77794248952.41
2025-03-31,25747580451.8,38353719002.05,40365983799.49,50013737208.93,7372703631.11,86092406432.65,78719702801.54
2025-04-01,23683648205.04,37282241601.23,40728945725.48,52147515601.64,8160589726.34,86171777053.05,78011187326.71
2025-04-02,23066329262.81,41293755751.05,37624728327.04,52713227027.01,7194648069.44,86113132147.52,78918484078.09
2025-04-03,22450939466.49,40335723364.99,38348650943.64,53426018582.84,7539441656.51,86223815965.15,78684374308.63
2025-04-04,23190258213.84,39745301370.69,37978640404.64,52689726342.85,8503313402.72,86227255178.05,77723941775.33
2025-04-05,23266595499.38,39012339215.67,40098910721.56,52575058457.42,7072447740.96,86183697678.18,79111249937.22
2025-04-06,22770684041.2,39100978416.03,38855877433.76,53160966765.62,8329110976.15,86285966825.94,77956855849.79
2025-04-07,24538048883.83,41516935494.33,36289654670.87,51379879181.97,8463782636.84,86270372802.05,77806590165.21
2025-04-08,25549881944.35,39817831689.56,37862363786.2,50319891692.93,8535456384.79,86215651860.55,77680195475.76
2025-04-09,23696836275.45,40301353942.69,38548429797.05,52208527963.1,7406311985.88,86256095725.62,78849783739.74
2025-04-10,24756230425.09,38370310613.76,39729553032.57,51190163771.31,8202857031.4,86302720677.73,78099863646.33
2025-04-11,25580324950.63,40498727873.79,38813950565.51,50379022379.22,7004761708.26,86317440147.56,79312678439.3
2025-04-12,24001499616.07,39345467887.16,38545852888.47,51969320579.21,8439156719.0,86330477494.63,77891320775.63
2025-04-13,25380020777.62,38115266487.75,40163193906.85,50515021470.13,7965905796.02,86244366190.62,78278460394.6
2025-04-14,25538378054.19,41500484165.01,36677847841.93,50398050217.04,8113063755.83,86291395762.77,78178332006.94
2025-04-15,25595351494.45,37392575710.24,41351929881.47,50343341573.34,7549463803.51,86293969395.22,78744505591.71
2025-04-16,24626093691.35,37329945148.04,40480237793.63,51365892176.9,8544346454.07,86354529395.74,77810182941.67
2025-04-17,23208000337.31,39527587409.99,39138617083.49,52738327960.49,7636441299.47,86302645792.95,78666204493.49
2025-04-18,22774382217.82,41747994455.05,36843001341.1,53213385104.62,7758739797.54,86349735593.68,78590995796.14
2025-04-19,25718192845.48,42369063085.61,36893590399.3,50292459328.47,7113087621.84,86375741106.75,79262653484.91
2025-04-20,23668141464.32,38311188788.09,40141610108.4,52337565202.73,7917322316.07,86370121212.55,78452798896.49
2025-04-21,24931166273.09,38308637702.1,40788506547.17,51096525519.62,7297960060.64,86395104309.9,79097144249.27
2025-04-22,22602232786.3,41481467061.93,36368917725.91,53467225643.15,8592181609.26,86442566397.1,77850384787.84
2025-04-23,25677802925.42,38673208670.15,39178777554.31,50392246768.7,8591252064.31,86443238288.76,77851986224.45
2025-04-24,24123785169.24,38753596700.35,39569848395.34,51944828360.02,8118161187.57,86441606283.25,78323445095.69
2025-04-25,23955912099.41,38538832646.1,41054377393.67,52252014338.85,7006706367.34,86599916407.11,79593210039.77
2025-04-26,24953054196.29,36740673345.87,41221645045.29,51091327725.54,8451751974.56,86414070365.72,77962318391.16
2025-04-27,25027213931.37,41532776322.22,37361513307.01,51205343876.16,7733616970.23,86627906599.46,78894289629.23
2025-04-28,24709330482.32,40057048718.8,39330411497.3,51355040948.28,7049325500.49,86436785716.6,79387460216.11
2025-04-29,24887012825.06,37853954290.21,40566601154.39,51257397852.53,8107183961.75,86527739406.35,78420555444.6
2025-04-30,25429852205.02,37161414981.56,41126456280.81,50817597857.99,8356958354.7,86644829617.07,78287871262.37
2025-05-01,22707056875.99,38650172427.6,40796659543.39,53360340368.9,6993392170.94,86440224141.92,79446831970.98
2025-05-02,25908780590.66,39971051830.15,38357885031.69,50358433901.88,8338352334.24,86667289196.08,78328936861.84
2025-05-03,22578164564.46,37402702010.97,40671898279.88,53488161465.32,8364406561.18,86439006852.02,78074600290.84
2025-05-04,24373410153.26,40699382527.7,38554234877.67,51887665569.62,7406695916.07,86660313321.44,79253617405.37
2025-05-05,23311208027.76,36911459899.81,41272115672.2,52880385755.23,8397780999.57,86581356571.58,78183575572.01
2025-05-06,25122299808.77,40733831391.92,38711661499.45,51083011509.96,7151451789.01,86596944680.38,79445492891.37
2025-05-07,25192251092.63,38745812061.0,39868914037.53,51028667397.98,7999954004.43,86614680102.96,78614726098.52
2025-05-08,24754816944.01,41572807977.28,36985192128.41,51500907075.82,8096231735.04,86654231840.72,78558000105.68
2025-05-09,24216536683.98,37976354552.5,40864705365.67,52112444250.24,7896418416.16,86737478334.34,78841059918.17
2025-05-10,24051515059.45,38069191348.0,40951958340.76,52202786910.67,7631466186.37,86652615875.13,79021149688.76
2025-05-11,23568628011.68,42006363591.88,37522439209.83,52728591285.14,7172582762.86,86701385564.57,79528802801.71
2025-05-12,25978517346.29,40532905799.3,38265681486.2,50373201566.12,7964729660.4,86763316945.91,78798587285.51
2025-05-13,22848664003.19,40601424873.11,38182654584.67,53361569807.41,7818458963.35,86602538421.14,78784079457.79
2025-05-14,23253895933.6,40142205740.27,38413389701.6,52916336412.89,8001486770.04,86557082211.91,78555595441.87
2025-05-15,24387489357.34,37351374433.63,41460739640.04,51814060237.49,7780555920.46,86592669994.12,78812114073.67
2025-05-16,24874901474.59,39646624675.47,39716953837.41,51436474551.11,7353894243.6,86717472756.48,79363578512.88
2025-05-17,25396489753.39,40023992915.56,38238133436.78,50951367485.66,8496802328.39,86758928680.73,78262126352.34
2025-05-18,24361477845.81,39570727611.85,39878739998.52,51919419747.78,7233370564.15,86682838174.53,79449467610.37
2025-05-19,25402994402.51,42690926735.35,36885401187.48,50913634981.61,7147114559.13,86723442481.95,79576327922.82
2025-05-20,24417181698.03,41653814822.95,37495275538.42,51894952791.68,7569244286.04,86718334647.41,79149090361.37
2025-05-21,25938902144.33,38198758157.5,40674830574.5,50549467007.62,8045012577.04,86918601309.04,78873588732.0
2025-05-22,25756176533.78,37251831521.49,41005667354.66,50627953637.17,8542649045.38,86800147921.53,78257498876.15
2025-05-23,23241635380.33,39184026850.99,40354266855.77,53144882909.17,7264567985.86,86802861692.62,79538293706.76
2025-05-24,25315537501.43,40633298917.75,38389055626.82,51075699677.74,7785869522.66,86808224067.23,79022354544.57
2025-05-25,24415209771.36,39413028310.38,40317668476.25,51909801195.48,7002270221.14,86732967007.77,79730696786.63
2025-05-26,25204617377.44,38193043252.01,40236702361.41,51304076378.72,8511951836.77,86941697450.19,78429745613.42
2025-05-27,25747996783.98,40270528159.38,38907157713.69,50874363443.59,7893178021.91,87070863894.97,79177685873.06
2025-05-28,25241798220.39,41414442419.45,37923808151.75,51274537142.31,7612130522.77,86950381093.98,79338250571.21
2025-05-29,25636889642.32,37750363736.7,41114239282.49,50784979436.28,7978430024.68,86843033043.87,78864603019.19
2025-05-30,23689306340.78,38436300867.52,40578250601.11,52717753826.68,7811653267.12,86826204735.75,79014551468.63
2025-05-31,24035051670.78,38820987091.18,40392975444.3,52452578048.75,7703798509.43,86917761044.92,79213962535.49
2025-06-01,25616705695.16,41323505951.06,37963047016.79,50825975058.24,7580129706.46,86866682674.31,79286552967.85
2025-06-02,24861063455.81,37296762366.73,41690079240.89,51699799008.63,8014138465.61,87000980073.23,78986841607.62
2025-06-03,25297863136.79,42742277216.15,37105644607.32,51333056354.97,7232668508.08,87080590331.55,79847921823.47
2025-06-04,25427126212.32,41671422470.98,37992903250.57,51061819336.34,7254930583.74,86919256305.3,79664325721.56
2025-06-05,22964234088.81,42140963188.86,36934659056.02,53545716328.22,7867503229.03,86943125473.9,79075622244.87
2025-06-06,25712288816.23,39739691008.22,38620086908.54,50854215320.22,8647613147.39,87007391064.15,78359777916.76
2025-06-07,23087593028.48,38785390053.08,40804334726.04,53470940723.05,7408609029.43,86998333808.56,79589724779.12
2025-06-08,22878534960.48,39621195362.35,39468320759.91,53724199924.02,7959046246.5,87048562368.76,79089516122.26
2025-06-09,25114344900.34,39140136563.31,40538468189.26,51411138193.81,7282171490.79,86960776243.35,79678604752.56
2025-06-10,24330187050.87,42029054749.47,37800207017.55,52219339521.2,7158836610.34,86988098377.36,79829261767.01
2025-06-11,23955756953.5,40949028475.76,38016047118.81,52542658901.59,7964942422.58,86930018017.15,78965075594.57
2025-06-12,24263591088.57,42673692584.52,36836331317.75,52350094696.28,7550982671.43,87061006573.69,79510023902.27
2025-06-13,25631029232.95,41444699044.76,36869080136.38,50925363557.65,8682121717.28,86995900898.42,78313779181.14
2025-06-14,25260055021.62,38690530205.18,40170922965.96,51440241540.08,8297974739.88,87159427911.03,78861453171.14
2025-06-15,24044996331.85,40351672726.91,39030552276.46,52571782458.68,7682296349.51,87064521352.87,79382225003.37
2025-06-16,23250992275.57,38314747996.69,41651869303.48,53446059720.52,7189123604.48,87155740904.65,79966617300.17
2025-06-17,23587839121.58,38337320810.29,41493122693.77,53073750642.52,7284999409.69,87115442913.75,79830443504.06
2025-06-18,24141801688.18,38928510701.55,41003929006.79,52548339844.7,7215448397.21,87147888105.55,79932439708.33
2025-06-19,23371132984.11,42232610113.6,37654787512.24,53315731290.12,7256766322.16,87144163947.99,79887397625.83
2025-06-20,23838239977.67,40234901624.1,39358115681.05,52892764038.53,7601305440.53,87194322745.68,79593017305.15
2025-06-21,23087508881.52,40100318512.61,38655815367.55,53605919407.15,8395489175.14,87151623055.3,78756133880.16
2025-06-22,24505189674.75,40651373595.97,38137027499.99,52102688953.07,8266006435.65,87054407531.61,78788401095.95
2025-06-23,24388934149.6,40786810027.55,37811685900.36,52291801965.55,8538704202.95,87137200130.86,78598495927.91
2025-06-24,23017979375.61,40164585990.06,39924276327.83,53783932254.36,7186037261.64,87274899579.52,80088862317.88
2025-06-25,22850611023.48,39677486140.22,39853657636.29,53780574639.63,7549749022.47,87080892798.99,79531143776.51
2025-06-26,24015629318.66,39280148564.39,39445360972.53,52779346306.37,8541508218.79,87267017755.71,78725509536.92
2025-06-27,23417026724.24,42276611748.49,37429796806.83,53344062446.99,7522101866.54,87228510421.85,79706408555.32
2025-06-28,26080658764.68,39345362714.18,39662874317.41,50766188530.59,8317725803.93,87325962835.53,79008237031.59
2025-06-29,23108209380.86,40389085558.78,38424360297.98,53648942563.0,8410590443.07,87224036299.84,78813445856.77
2025-06-30,23399583855.59,42453100946.7,37441249808.53,53403866828.29,7382297749.17,87276648504.4,79894350755.23
2025-07-01,23651951160.81,38732896499.11,40410312341.5,53120299618.44,8097985226.71,87241194067.33,79143208840.61
2025-07-02,25324812124.24,41545296665.87,38498181645.86,51541967820.37,7305135261.69,87348613573.42,80043478311.73
2025-07-03,23060106499.86,39967822458.34,39795003597.71,53905460961.56,7698046059.2,87460872115.25,79762826056.06
2025-07-04,25681090846.86,39737196194.39,39777863660.95,51222546394.01,7875437009.29,87390496864.63,79515059855.34
2025-07-05,24069948411.07,42058877084.79,36784008375.92,52802425402.22,8512084781.66,87354970242.38,78842885460.72
2025-07-06,23778777264.35,37617093174.67,41535575336.14,53114688920.16,8226270335.23,87378938846.03,79152668510.81
2025-07-07,25696599119.63,39632637394.06,39745330926.49,51244970755.15,8055633809.87,87433602130.43,79377968320.55
2025-07-08,22981116998.38,38104120264.42,41611772471.18,54023579289.35,7789443955.01,87505336690.61,79715892735.6
2025-07-09,25816729287.36,37058490236.33,41860523917.4,51073259566.56,8455973180.27,87374987334.0,78919014153.73
2025-07-10,24160166096.29,41524392960.4,38812041052.55,52774968482.46,7089855281.08,87426289294.04,80336434012.96
2025-07-11,25079576707.73,39531274877.66,40969500809.03,51928919712.74,7008879336.56,87509655023.26,80500775686.69
2025-07-12,24335465652.52,38261746295.14,41521827896.92,52558210021.67,7595602710.42,87379176902.48,79783574192.06
2025-07-13,24992236143.06,39018935966.69,40551417558.44,51874197233.7,7777866221.19,87348219746.31,79570353525.13
2025-07-14,25744003531.06,41930655965.93,37657020477.63,51217142522.47,7868171344.55,87455847788.11,79587676443.55
2025-07-15,24750915016.65,38262093662.51,41497870881.79,52147036909.04,7624071734.89,87384036279.19,79759964544.3
2025-07-16,26241522775.93,40011820495.36,40290923130.91,50868238756.79,7321985388.19,87624729014.46,80302743626.26
2025-07-17,22909364146.08,42286585861.29,37568377136.35,54168389505.29,7733393424.36,87588356422.01,79854962997.65
2025-07-18,26074543629.78,39535302993.04,40780054133.43,51101006220.84,7384131340.14,87699488466.62,80315357126.48
2025-07-19,23117710288.8,42359286332.15,37844827442.14,53918613342.29,7337163079.22,87541276853.51,80204113774.29
2025-07-20,24286308505.67,42070813375.38,37115223268.65,52755731538.64,8361736133.59,87547772777.63,79186036644.03
2025-07-21,24670760471.27,40237475763.14,39514695367.89,52351940990.42,7773625984.54,87525797115.56,79752171131.03
2025-07-22,25753734287.83,41362358569.03,37774169940.26,51387271450.09,8523705283.8,87660233793.09,79136528509.29
2025-07-23,22924769667.25,41291419540.01,38686541573.43,54028818661.25,7469298350.75,87447259464.2,79977961113.44
2025-07-24,26168766133.31,41689384279.1,37580741824.01,50853657008.1,8255354739.4,87525480842.51,79270126103.11
2025-07-25,24007498869.21,43334334338.69,36990452451.04,53197456994.13,7408117600.42,87732904390.15,80324786789.74
2025-07-26,26233546801.88,41887458037.08,37371407733.31,50920958054.43,8416707929.97,87675573700.35,79258865770.38
2025-07-27,25643389847.28,39934755901.42,40205603146.04,51411587694.73,7422115432.1,87562474479.56,80140359047.46
2025-07-28,23758843852.56,37863320280.93,41306347681.95,53360535075.62,8465989910.04,87635657872.93,79169667962.88
2025-07-29,24899423796.01,39947308337.6,40321519424.49,52223126926.86,7370434423.0,87639262185.09,80268827762.08
2025-07-30,26269729244.55,43044171444.4,37291526342.85,50921961934.72,7382133098.29,87717830885.54,80335697787.25
2025-07-31,26207717968.23,41857926690.98,37775442329.62,50941178772.84,8035831821.53,87669200842.13,79633369020.6
2025-08-01,23460005518.76,41627553546.1,38661643305.18,53773928258.07,7476636986.03,87765833837.31,80289196851.28
2025-08-02,24978943782.5,40275143173.14,39941578692.29,52199851673.66,7486454789.29,87703176654.72,80216721865.43
2025-08-03,24357141049.16,41011202210.73,39102766119.19,52767318058.39,7527462474.1,87641430804.03,80113968329.93
2025-08-04,23024906646.79,39658628820.71,40926892616.75,54292400237.06,7275054566.92,87860576004.37,80585521437.45
2025-08-05,23185502379.4,38918151396.1,41066912223.28,54035765560.01,7766377220.86,87751440840.24,79985063619.38
2025-08-06,26273582601.78,41553259291.34,38309611063.18,51027178982.84,7978904173.46,87841774527.98,79862870354.52
2025-08-07,25817553784.92,37724717095.39,41221678733.26,51347730799.42,8741427562.65,87687823391.3,78946395828.64
2025-08-08,24505713854.77,42538143995.13,37798819889.95,52795943068.61,7505828073.32,87842791958.39,80336963885.08
2025-08-09,25382812508.14,39845007103.33,39803712126.32,51897306871.93,8169598247.7,87818317477.35,79648719229.65
2025-08-10,23412931951.31,42769489263.9,37942335787.39,53808142221.67,7039395599.83,87751220651.12,80711825051.3
2025-08-11,24244206961.7,40110510088.06,40401447126.02,53061953857.6,7335952807.85,87847910021.93,80511957214.08
2025-08-12,23157581059.82,41072552929.32,39131079498.98,54203283168.66,7706440558.6,87910072986.91,80203632428.31
2025-08-13,25759976634.87,39872779886.55,40770234626.28,51515914221.44,7170497823.88,87813512336.72,80643014512.83
2025-08-14,24241185576.39,41957572609.63,38199157453.05,53084875712.06,7713794128.74,87870524191.41,80156730062.68
2025-08-15,23819788397.19,41348970530.3,38449433385.99,53460685325.36,8020316222.98,87818720139.26,79798403916.29
2025-08-16,24668767149.91,38759738245.58,40373293584.92,52597288043.29,8669303616.32,87802335446.82,79133031830.5
2025-08-17,26245013671.43,41496407950.79,38278797547.49,51061782199.0,8073426172.67,87848631670.95,79775205498.28
2025-08-18,26209259576.84,40313789577.35,39566137881.46,51202026966.34,8087443612.99,87967371071.8,79879927458.81
2025-08-19,26027923911.47,42326782466.18,37361248749.45,51421448604.37,8322619370.56,88010650586.19,79688031215.63
2025-08-20,24627133590.31,39553784603.14,40547450533.75,52722608332.41,7796198866.2,87897434003.09,80101235136.89
2025-08-21,23587698320.46,39855802018.99,40630826151.19,53857693555.36,7519498961.44,88006127131.61,80486628170.18
2025-08-22,24303732299.85,41900710031.73,38836131229.37,53076869688.28,7195660998.13,87932502259.24,80736841261.11
2025-08-23,25742023318.08,39592675081.04,39811480132.46,51679002585.52,8574283313.32,87978438526.82,79404155213.5
2025-08-24,23832978781.73,38598758573.11,41236655268.35,53640862236.59,8203041861.17,88038455702.63,79835413841.47
2025-08-25,25540224426.27,41057140718.59,39573690134.92,51957597475.46,7434875853.0,88065706706.51,80630830853.51
2025-08-26,22937208046.77,38969420199.16,41969883146.48,54549409289.17,7113670899.75,88052974245.39,80939303345.64
2025-08-27,25783028789.44,39418509044.17,39987681878.73,51713039564.79,8657523116.01,88063714038.9,79406190922.89
2025-08-28,26298838649.86,39822039978.21,40670723727.92,51195169381.34,7568609056.6,88061372762.73,80492763706.13
2025-08-29,23380826788.2,39004547632.83,41446195209.28,54109606231.39,7606567407.43,88057310249.54,80450742842.11
2025-08-30,23513996455.58,42813026067.37,37205683410.11,54030804546.15,8100382569.94,88119092047.42,80018709477.49
2025-08-31,26145738772.86,39750674487.13,40662243143.63,51343500972.89,7643036625.77,88055954256.53,80412917630.76
2025-09-01,23869750010.78,43137830866.02,37337819357.26,53638209129.35,7601576072.33,88077226295.6,80475650223.28
2025-09-02,25338139737.73,39229096073.74,40360515648.53,52286127418.87,8619782773.87,88209394496.14,79589611722.27
2025-09-03,24269918513.94,42793603001.11,38249531175.55,53290743323.88,7093981548.14,88137115724.8,81043134176.66
2025-09-04,23131772809.94,38087461899.9,41244065716.77,54433271063.98,8810567694.6,88142095311.27,79331527616.67
2025-09-05,25228895059.49,39340711314.83,41114074546.38,52406203286.15,7766916804.29,88221702665.5,80454785861.21
2025-09-06,23409029546.56,37587353890.13,42308452754.28,54311096517.16,8422518428.0,88318325072.41,79895806644.41
2025-09-07,24971976133.09,40546120624.54,39251591461.87,52600091607.45,8352364891.48,88150076977.89,79797712086.41
2025-09-08,25197153828.4,42037658644.33,38546110347.42,52382702192.46,7575158304.69,88158927296.44,80583768991.75
2025-09-09,25630335161.82,43836312065.63,37258766628.78,51969022847.18,7086009952.19,88181088646.6,81095078694.41
2025-09-10,25107124425.75,40123147039.92,40645596764.67,52518240030.59,7441897623.07,88210641427.66,80768743804.59
2025-09-11,23119456277.41,39799738618.32,41224808320.33,54533219132.19,7217129663.16,88241676601.81,81024546938.65
2025-09-12,23154631330.15,40592920187.56,39564727843.73,54554150522.18,8147785891.8,88305433923.1,80157648031.3
2025-09-13,25881468668.23,38462063607.77,42306860327.61,51766826239.34,7467774823.2,88236698758.59,80768923935.39
2025-09-14,24336669253.68,41014945848.2,39791098378.84,53345611246.46,7469274523.12,88275318750.16,80806044227.04
2025-09-15,25869501714.26,42657558843.29,38258570766.64,51843506569.38,7394107076.02,88310236685.95,80916129609.93
2025-09-16,26269671544.35,37432089656.38,42194561233.82,51386947209.95,8619506785.14,88246157675.34,79626650890.2
2025-09-17,23235025908.46,38608181085.89,42396885753.41,54542104840.76,7378036284.82,88383103124.12,81005066839.29
2025-09-18,24062026586.66,41946844053.31,37949240547.36,53740176387.54,8515509688.19,88411594288.86,79896084600.67
2025-09-19,25694056975.1,42010654394.04,38266991673.77,52000209566.68,8011293184.22,88288939252.03,80277646067.81
2025-09-20,26210054300.05,39096581370.74,41803666759.68,51622188411.2,7545482223.27,88445730353.69,80900248130.42
2025-09-21,26084255682.94,37828713553.81,41877594161.57,51774069637.02,8769061966.4,88475369681.77,79706307715.37
2025-09-22,24199077653.59,41117685937.72,40043150542.15,53580108531.39,7224602366.7,88385438846.57,81160836479.87
2025-09-23,25076132963.26,41764720803.55,39105400366.97,52717180931.05,7531371891.19,88401493061.72,80870121170.52
2025-09-24,26230229648.72,41819059475.23,38291193543.83,51552308033.23,8278994346.79,88389247365.84,80110253019.06
2025-09-25,26288300709.26,38865219472.85,41702288465.91,51614825633.29,7958771995.96,88526279934.72,80567507938.76
2025-09-26,23654348499.36,41244401853.11,39056029866.88,54303823137.01,8288399684.97,88588831404.96,80300431719.98
2025-09-27,24517810727.37,41227302993.62,38541549609.85,53268602085.26,8624798319.97,88393650923.44,79768852603.47
2025-09-28,23534329846.97,38383345281.72,41767149211.83,54330414938.1,8332170034.94,88482664528.49,80150494493.55
2025-09-29,23595139465.38,39356199170.24,40887725344.41,54311825356.88,8286717328.84,88530641843.48,80243924514.64
2025-09-30,26006740713.69,38056049632.06,41876734334.31,51927807680.33,8629202845.03,88561986811.39,79932783966.36
2025-10-01,26453894213.61,39647948544.44,41566761000.75,51447984586.07,7310152727.17,88524862272.36,81214709545.18
2025-10-02,26003086982.02,38466524198.23,41548840275.98,51943390514.53,8560178135.51,88575542609.72,80015364474.21
2025-10-03,24739774494.17,43683684631.61,37183183406.02,53096840075.28,7583830336.74,88450698374.37,80866868037.64
2025-10-04,24322169947.05,41763345820.64,38563493545.66,53585985421.18,8205155370.33,88531994736.63,80326839366.3
2025-10-05,24648170075.8,39935411018.87,41327273631.92,53262548687.24,7272223034.48,88534907685.27,81262684650.8
2025-10-06,23157078387.5,41343608849.43,39012414248.3,54777004732.14,8205434992.76,88561458090.49,80356023097.73
2025-10-07,23293842181.29,42124941661.92,37784435595.79,54730932622.97,8755139565.31,88664516823.02,79909377257.71
2025-10-08,25496004489.17,40388479079.53,40948728070.0,52418880923.33,7202435364.68,88539642514.21,81337207149.53
2025-10-09,24515666680.4,41359131837.63,39048928452.35,53448767664.78,8187887829.54,88595948119.52,80408060289.98
2025-10-10,23881252478.15,44108921190.47,37324788533.44,54049341638.5,7123783590.48,88557493314.39,81433709723.9
2025-10-11,25442856684.85,40352644804.5,39824859283.54,52554975673.75,8456396319.46,88633900407.5,80177504088.04
2025-10-12,25605424393.27,38236861230.41,42504675020.78,52347832467.05,7841710180.99,88583246432.18,80741536251.19
2025-10-13,25025865984.2,42098450499.46,38151312250.2,53084402454.83,8511905931.07,88761668680.72,80249762749.66
2025-10-14,26281234030.34,39512437058.27,40818961084.89,51666575397.88,8245658025.28,88577056168.44,80331398143.16
2025-10-15,25642619585.56,39024790905.27,42318034762.39,52419908464.24,7364592570.76,88707418238.42,81342825667.65
2025-10-16,25125399370.6,40253789183.9,40659666010.44,52944868667.89,7802758485.76,88716213680.1,80913455194.34
2025-10-17,25630727517.56,38377594002.32,42480193085.95,52405917798.75,7820218953.0,88678006041.26,80857787088.26
2025-10-18,25848394436.23,43019077133.19,37411720573.68,52190969998.06,8250298241.19,88681095948.07,80430797706.87
2025-10-19,25312221469.36,38925409192.21,41870247440.2,52773865525.56,7938533134.56,88734189766.96,80795656632.41
2025-10-20,23887232980.85,38524107894.92,41771731653.57,54209515703.88,8450465775.06,88746305323.55,80295839548.49
2025-10-21,24406539572.9,43626648364.97,37981071213.03,53708252539.73,7159089640.9,88766809218.9,81607719578.0
2025-10-22,23800473662.02,41608232578.31,39844431917.09,54309966164.78,7309198944.14,88761863439.54,81452664495.4
2025-10-23,26198131361.15,39987345355.14,40953055217.31,51954195423.7,7869061683.07,88809462255.52,80940400572.45
2025-10-24,26403384424.13,40808316509.76,40383673490.16,51715332524.1,7579279259.43,88771269259.36,81191989999.93
2025-10-25,23777433836.13,41885714065.03,38901122085.16,54269288581.76,7902621142.86,88689457293.06,80786836150.19
2025-10-26,24500100153.77,41597086981.48,38836303364.03,53616393836.08,8335352824.77,88768743170.29,80433390345.52
2025-10-27,23544322392.43,40105563985.6,41379825985.8,54465412668.67,7162036234.39,88647426205.79,81485389971.4
2025-10-28,25768424366.1,38872141225.56,42533408809.08,52339711781.5,7353695587.63,88759245622.27,81405550034.64
2025-10-29,24877612389.32,39874376702.76,40605305907.22,53296752563.13,8354823017.8,88834505627.78,80479682609.98
2025-10-30,25490588522.74,41502154407.65,40070368830.87,52684628981.1,7262951197.67,88835474436.18,81572523238.51
2025-10-31,25413183884.16,44115845620.95,37500368671.19,52788084964.45,7248863944.91,88865078237.05,81616214292.14
2025-11-01,24626282746.53,39308180870.4,40973109474.15,53524660312.08,8526599494.77,88807889839.33,80281290344.55
2025-11-02,25949399386.54,43355912514.54,38218293734.7,52255879571.94,7295428930.85,88869635180.08,81574206249.24
2025-11-03,26586554400.08,39406637112.76,42377781154.12,51730503029.25,7212237902.81,88996656169.69,81784418266.88
2025-11-04,24766617857.65,39153225979.6,41155802530.14,53533252221.94,8668096580.7,88977125090.44,80309028509.73
2025-11-05,25488083914.85,40000778342.6,41725479949.51,52821244447.44,7261614846.85,88987873138.96,81726258292.11
2025-11-06,23509945771.84,40113376816.84,40296418335.04,54795042908.77,8573146530.64,88982941682.51,80409795151.88
2025-11-07,24852120623.79,40490557229.76,41330116882.12,53550262986.83,7272943627.45,89093617739.34,81820674111.89
2025-11-08,26460859174.37,42857142274.46,38664043029.09,51787319826.6,7397199924.82,88918385228.37,81521185303.55
2025-11-09,23214493680.62,42355959280.14,39159749377.96,55066976736.46,7440507724.95,88956216383.04,81515708658.09
2025-11-10,23893932388.38,40104539144.98,40906503075.53,54443309701.85,8008551063.84,89019593284.36,81011042220.51
2025-11-11,25921887527.9,37495341289.29,42758463511.0,52504568655.4,8867168135.27,89120972935.57,80253804800.29
2025-11-12,24397422041.0,42245422544.06,38465392871.44,53962987567.4,8335104594.04,89045920009.54,80710815415.5
2025-11-13,23612000049.76,39299976282.12,41268413835.29,54718118538.24,8443108278.04,89011498395.46,80568390117.42
2025-11-14,25164950162.6,41958421951.6,39195684602.0,53091941766.42,7774179729.37,88928286282.98,81154106553.6
2025-11-15,25158233964.53,39792019955.48,41285212007.54,53223157232.29,7992530760.65,89069762723.66,81077231963.02
2025-11-16,23627311966.12,39000165095.28,42255380356.81,54814526396.31,7882907232.49,89138452684.58,81255545452.09
2025-11-17,23484755490.7,42325241101.67,38558738281.85,54944679510.34,8240378572.22,89124357955.73,80883979383.51
2025-11-18,24447677123.54,40344437030.86,41288121405.3,53859611569.78,7352996897.17,88985555333.33,81632558436.16
2025-11-19,26101056634.15,41567297646.41,38708883309.04,52341346132.2,8862913097.21,89139094052.67,80276180955.45
2025-11-20,26095530453.62,39121007624.68,42006496783.96,52344128264.52,8008471407.43,89135975816.08,81127504408.65
2025-11-21,25162110910.83,41189027294.49,40204858162.36,53305698122.42,7774079353.67,89167964810.51,81393885456.84
2025-11-22,24621847705.67,42987841129.53,38304170862.17,53802474732.7,7826536233.72,89118548225.42,81292011991.7
2025-11-23,23964856040.3,42107218520.5,38108156834.97,54415390220.2,8853086304.18,89068461659.65,80215375355.47
2025-11-24,25154460126.67,43228879540.3,38748262755.67,53383943748.29,7271043925.57,89248186221.54,81977142295.97
2025-11-25,25553912056.68,39389470323.59,41894182413.04,52930844965.29,7903571151.96,89187223888.59,81283652736.63
2025-11-26,25845759611.89,39994635099.64,40724687797.46,52568846133.41,8388183631.66,89107506528.76,80719322897.09
2025-11-27,26624317620.48,39467376300.46,41397699928.19,51857419035.79,8318715426.21,89183791654.86,80865076228.65
2025-11-28,25065533617.44,38643168083.23,41980353191.17,53427386801.53,8572979201.71,89196500476.11,80623521274.39
2025-11-29,26055627791.22,43570054462.2,38106970759.75,52531064370.67,7626034052.92,89303059274.87,81677025221.95
2025-11-30,26574768849.09,40114133245.08,40334829689.7,51975780294.19,8813024728.04,89261987662.81,80448962934.78
2025-12-01,25663081039.85,41861886416.91,40227511502.73,52928240142.37,7218921605.61,89308319525.25,82089397919.64
2025-12-02,26250049631.23,37625502191.94,42775957075.69,52303820288.62,8864302004.92,89265761272.55,80401459267.63
2025-12-03,25178719955.0,41035626211.17,40289446483.36,53446033093.05,8021237587.35,89346310281.88,81325072694.53
2025-12-04,24413512443.98,43858188988.47,38262952323.07,54188361426.41,7199169904.82,89320311216.36,82121141311.54
2025-12-05,26093751255.93,39346839553.77,41153319383.39,52564922403.82,8884697494.37,89384856431.54,80500158937.16
2025-12-06,26440229592.97,40231814075.36,41087491632.85,52101122436.35,7932230688.74,89251536396.96,81319305708.21
2025-12-07,24321939736.04,38481789813.82,42006983834.23,54281449829.1,8833259948.7,89322033596.75,80488773648.05
2025-12-08,24366489585.05,40911291951.79,40197992730.83,54272541598.09,8253250752.75,89362535435.38,81109284682.62
2025-12-09,26703619685.23,38462403398.06,42529319671.68,51945654081.72,8382451665.44,89374174735.18,80991723069.74
2025-12-10,24412987025.07,42386211170.54,38724231576.58,54298344133.99,8334251751.81,89444694498.93,81110442747.12
2025-12-11,26467531433.2,39427130833.26,41121284573.07,52289893109.69,8948657937.87,89497073344.2,80548415406.33
2025-12-12,26623986041.62,38696573671.9,42751654080.85,51978316650.06,7872570760.53,89320798513.27,81448227752.75
2025-12-13,24801599086.26,39182785014.81,41524527258.86,53899750929.51,8726040016.99,89433352290.65,80707312273.66
2025-12-14,25389820575.74,41776861797.46,39325479735.5,53328767162.2,8350599078.33,89452940611.29,81102341532.96
2025-12-15,23987828199.02,40936756782.57,39919099329.02,54752480221.16,8621767093.16,89477623204.75,80855856111.59
2025-12-16,26418892864.43,41814584679.42,40512742981.07,52338845312.47,7170102085.99,89497429746.48,82327327660.49
2025-12-17,25399863346.07,40269344967.53,41272923794.87,53261535552.73,7845684531.7,89387953294.09,81542268762.4
2025-12-18,25209076504.97,42747594763.58,38812340707.96,53442970850.21,7817391068.44,89377326539.98,81559935471.54
2025-12-19,24659652207.81,41627520560.84,40123590394.6,54188045979.37,7848546075.46,89599657030.89,81751110955.43
2025-12-20,23777693582.47,41136676757.62,40408786565.78,55043393872.16,8023954238.68,89569417562.08,81545463323.4
2025-12-21,24750565187.78,40759486457.97,40418836468.35,53938162795.81,8240686145.93,89419009072.26,81178322926.33
2025-12-22,24088646885.07,39061414984.2,41915588523.51,54595992453.91,8437359377.5,89414362885.21,80977003507.71
2025-12-23,26004633072.07,39704100467.6,42611270263.24,52835101214.75,7275236413.27,89590607144.11,82315370730.84
2025-12-24,23523331351.83,42714039447.63,39509474848.99,55299035142.98,7347356720.22,89570871016.83,82223514296.61
2025-12-25,25815545514.74,41638872320.73,39217952944.35,52899907949.5,8592553671.55,89449378936.63,80856825265.08
2025-12-26,24939449709.67,42018882291.05,39292676771.27,53882645647.06,8259003843.06,89570562905.38,81311559062.32
2025-12-27,25375930212.52,43782318677.99,38254230589.16,53404050439.79,7486156019.56,89522705286.71,82036549267.15
2025-12-28,24457072509.8,42915428715.43,38636162342.91,54449643238.09,8115131382.45,89666722440.78,81551591058.33
2025-12-29,24839711335.28,41683336940.46,39000225571.34,53985942824.91,8891044488.4,89574607000.21,80683562511.81
2025-12-30,25161003955.71,39503007757.07,41988431663.78,53730991795.23,8158555750.67,89649995171.52,81491439420.85
2025-12-31,23483140641.8,40119907466.64,40888848895.07,55408432792.44,8640758904.48,89649515266.18,81008756361.7
